n	repo	alias	clone	slug	path	status
1	thedarkcolour-ForestryCE	CE	/home/ivan/Documents/Kodiranje/Fabric Forestry 26.2/MarkDown_Maker/Finished_github_clone/2026-07-28_16-21-34/thedarkcolour-ForestryCE	api	forestry.api` / `src/main/java/forestry/api	pending
2	thedarkcolour-ForestryCE	CE	/home/ivan/Documents/Kodiranje/Fabric Forestry 26.2/MarkDown_Maker/Finished_github_clone/2026-07-28_16-21-34/thedarkcolour-ForestryCE	apiimpl	forestry.apiimpl` / `src/main/java/forestry/apiimpl	pending
3	thedarkcolour-ForestryCE	CE	/home/ivan/Documents/Kodiranje/Fabric Forestry 26.2/MarkDown_Maker/Finished_github_clone/2026-07-28_16-21-34/thedarkcolour-ForestryCE	apiculture	forestry.apiculture` / `src/main/java/forestry/apiculture	pending
4	thedarkcolour-ForestryCE	CE	/home/ivan/Documents/Kodiranje/Fabric Forestry 26.2/MarkDown_Maker/Finished_github_clone/2026-07-28_16-21-34/thedarkcolour-ForestryCE	arboriculture	forestry.arboriculture` / `src/main/java/forestry/arboriculture	pending
5	thedarkcolour-ForestryCE	CE	/home/ivan/Documents/Kodiranje/Fabric Forestry 26.2/MarkDown_Maker/Finished_github_clone/2026-07-28_16-21-34/thedarkcolour-ForestryCE	compat	forestry.compat` / `src/main/java/forestry/compat	pending
6	thedarkcolour-ForestryCE	CE	/home/ivan/Documents/Kodiranje/Fabric Forestry 26.2/MarkDown_Maker/Finished_github_clone/2026-07-28_16-21-34/thedarkcolour-ForestryCE	core	forestry.core` / `src/main/java/forestry/core	pending
7	thedarkcolour-ForestryCE	CE	/home/ivan/Documents/Kodiranje/Fabric Forestry 26.2/MarkDown_Maker/Finished_github_clone/2026-07-28_16-21-34/thedarkcolour-ForestryCE	cultivation	forestry.cultivation` / `src/main/java/forestry/cultivation	pending
8	thedarkcolour-ForestryCE	CE	/home/ivan/Documents/Kodiranje/Fabric Forestry 26.2/MarkDown_Maker/Finished_github_clone/2026-07-28_16-21-34/thedarkcolour-ForestryCE	energy	forestry.energy` / `src/main/java/forestry/energy	pending
9	thedarkcolour-ForestryCE	CE	/home/ivan/Documents/Kodiranje/Fabric Forestry 26.2/MarkDown_Maker/Finished_github_clone/2026-07-28_16-21-34/thedarkcolour-ForestryCE	factory	forestry.factory` / `src/main/java/forestry/factory	pending
10	thedarkcolour-ForestryCE	CE	/home/ivan/Documents/Kodiranje/Fabric Forestry 26.2/MarkDown_Maker/Finished_github_clone/2026-07-28_16-21-34/thedarkcolour-ForestryCE	farming	forestry.farming` / `src/main/java/forestry/farming	pending
11	thedarkcolour-ForestryCE	CE	/home/ivan/Documents/Kodiranje/Fabric Forestry 26.2/MarkDown_Maker/Finished_github_clone/2026-07-28_16-21-34/thedarkcolour-ForestryCE	lepidopterology	forestry.lepidopterology` / `src/main/java/forestry/lepidopterology	pending
12	thedarkcolour-ForestryCE	CE	/home/ivan/Documents/Kodiranje/Fabric Forestry 26.2/MarkDown_Maker/Finished_github_clone/2026-07-28_16-21-34/thedarkcolour-ForestryCE	mail	forestry.mail` / `src/main/java/forestry/mail	pending
13	thedarkcolour-ForestryCE	CE	/home/ivan/Documents/Kodiranje/Fabric Forestry 26.2/MarkDown_Maker/Finished_github_clone/2026-07-28_16-21-34/thedarkcolour-ForestryCE	modules	forestry.modules` / `src/main/java/forestry/modules	pending
14	thedarkcolour-ForestryCE	CE	/home/ivan/Documents/Kodiranje/Fabric Forestry 26.2/MarkDown_Maker/Finished_github_clone/2026-07-28_16-21-34/thedarkcolour-ForestryCE	plugin	forestry.plugin` / `src/main/java/forestry/plugin	pending
15	thedarkcolour-ForestryCE	CE	/home/ivan/Documents/Kodiranje/Fabric Forestry 26.2/MarkDown_Maker/Finished_github_clone/2026-07-28_16-21-34/thedarkcolour-ForestryCE	sorting	forestry.sorting` / `src/main/java/forestry/sorting	pending
16	thedarkcolour-ForestryCE	CE	/home/ivan/Documents/Kodiranje/Fabric Forestry 26.2/MarkDown_Maker/Finished_github_clone/2026-07-28_16-21-34/thedarkcolour-ForestryCE	storage	forestry.storage` / `src/main/java/forestry/storage	pending
17	thedarkcolour-ForestryCE	CE	/home/ivan/Documents/Kodiranje/Fabric Forestry 26.2/MarkDown_Maker/Finished_github_clone/2026-07-28_16-21-34/thedarkcolour-ForestryCE	worktable	forestry.worktable` / `src/main/java/forestry/worktable	pending
18	thedarkcolour-Immersive-Forestry	IF	/home/ivan/Documents/Kodiranje/Fabric Forestry 26.2/MarkDown_Maker/Finished_github_clone/2026-07-24/thedarkcolour-Immersive-Forestry	api	forestry.api` / `src/main/java/forestry/api/	pending
19	thedarkcolour-Immersive-Forestry	IF	/home/ivan/Documents/Kodiranje/Fabric Forestry 26.2/MarkDown_Maker/Finished_github_clone/2026-07-24/thedarkcolour-Immersive-Forestry	apiculture	forestry.apiculture` / `src/main/java/forestry/apiculture/	pending
20	thedarkcolour-Immersive-Forestry	IF	/home/ivan/Documents/Kodiranje/Fabric Forestry 26.2/MarkDown_Maker/Finished_github_clone/2026-07-24/thedarkcolour-Immersive-Forestry	apiimpl	forestry.apiimpl` / `src/main/java/forestry/apiimpl/	pending
21	thedarkcolour-Immersive-Forestry	IF	/home/ivan/Documents/Kodiranje/Fabric Forestry 26.2/MarkDown_Maker/Finished_github_clone/2026-07-24/thedarkcolour-Immersive-Forestry	arboriculture	forestry.arboriculture` / `src/main/java/forestry/arboriculture/	pending
22	thedarkcolour-Immersive-Forestry	IF	/home/ivan/Documents/Kodiranje/Fabric Forestry 26.2/MarkDown_Maker/Finished_github_clone/2026-07-24/thedarkcolour-Immersive-Forestry	compat	forestry.compat` / `src/main/java/forestry/compat/	pending
23	thedarkcolour-Immersive-Forestry	IF	/home/ivan/Documents/Kodiranje/Fabric Forestry 26.2/MarkDown_Maker/Finished_github_clone/2026-07-24/thedarkcolour-Immersive-Forestry	core	forestry.core` / `src/main/java/forestry/core/	pending
24	thedarkcolour-Immersive-Forestry	IF	/home/ivan/Documents/Kodiranje/Fabric Forestry 26.2/MarkDown_Maker/Finished_github_clone/2026-07-24/thedarkcolour-Immersive-Forestry	cultivation	forestry.cultivation` / `src/main/java/forestry/cultivation/	pending
25	thedarkcolour-Immersive-Forestry	IF	/home/ivan/Documents/Kodiranje/Fabric Forestry 26.2/MarkDown_Maker/Finished_github_clone/2026-07-24/thedarkcolour-Immersive-Forestry	energy	forestry.energy` / `src/main/java/forestry/energy/	pending
26	thedarkcolour-Immersive-Forestry	IF	/home/ivan/Documents/Kodiranje/Fabric Forestry 26.2/MarkDown_Maker/Finished_github_clone/2026-07-24/thedarkcolour-Immersive-Forestry	factory	forestry.factory` / `src/main/java/forestry/factory/	pending
27	thedarkcolour-Immersive-Forestry	IF	/home/ivan/Documents/Kodiranje/Fabric Forestry 26.2/MarkDown_Maker/Finished_github_clone/2026-07-24/thedarkcolour-Immersive-Forestry	farming	forestry.farming` / `src/main/java/forestry/farming/	pending
28	thedarkcolour-Immersive-Forestry	IF	/home/ivan/Documents/Kodiranje/Fabric Forestry 26.2/MarkDown_Maker/Finished_github_clone/2026-07-24/thedarkcolour-Immersive-Forestry	lepidopterology	forestry.lepidopterology` / `src/main/java/forestry/lepidopterology/	pending
29	thedarkcolour-Immersive-Forestry	IF	/home/ivan/Documents/Kodiranje/Fabric Forestry 26.2/MarkDown_Maker/Finished_github_clone/2026-07-24/thedarkcolour-Immersive-Forestry	mail	forestry.mail` / `src/main/java/forestry/mail/	pending
30	thedarkcolour-Immersive-Forestry	IF	/home/ivan/Documents/Kodiranje/Fabric Forestry 26.2/MarkDown_Maker/Finished_github_clone/2026-07-24/thedarkcolour-Immersive-Forestry	modules	forestry.modules` / `src/main/java/forestry/modules/	pending
31	thedarkcolour-Immersive-Forestry	IF	/home/ivan/Documents/Kodiranje/Fabric Forestry 26.2/MarkDown_Maker/Finished_github_clone/2026-07-24/thedarkcolour-Immersive-Forestry	plugin	forestry.plugin` / `src/main/java/forestry/plugin/	pending
32	thedarkcolour-Immersive-Forestry	IF	/home/ivan/Documents/Kodiranje/Fabric Forestry 26.2/MarkDown_Maker/Finished_github_clone/2026-07-24/thedarkcolour-Immersive-Forestry	sorting	forestry.sorting` / `src/main/java/forestry/sorting/	pending
33	thedarkcolour-Immersive-Forestry	IF	/home/ivan/Documents/Kodiranje/Fabric Forestry 26.2/MarkDown_Maker/Finished_github_clone/2026-07-24/thedarkcolour-Immersive-Forestry	storage	forestry.storage` / `src/main/java/forestry/storage/	pending
34	thedarkcolour-Immersive-Forestry	IF	/home/ivan/Documents/Kodiranje/Fabric Forestry 26.2/MarkDown_Maker/Finished_github_clone/2026-07-24/thedarkcolour-Immersive-Forestry	worktable	forestry.worktable` / `src/main/java/forestry/worktable/	pending
35	ForestryMC-ForestryMC	forestry12	/home/ivan/Documents/Kodiranje/Fabric Forestry 26.2/MarkDown_Maker/Finished_github_clone/2026-07-24/ForestryMC-ForestryMC	api	forestry.api` / `src/main/java/forestry/api/	pending
36	ForestryMC-ForestryMC	forestry12	/home/ivan/Documents/Kodiranje/Fabric Forestry 26.2/MarkDown_Maker/Finished_github_clone/2026-07-24/ForestryMC-ForestryMC	apiculture	forestry.apiculture` / `src/main/java/forestry/apiculture/	pending
37	ForestryMC-ForestryMC	forestry12	/home/ivan/Documents/Kodiranje/Fabric Forestry 26.2/MarkDown_Maker/Finished_github_clone/2026-07-24/ForestryMC-ForestryMC	arboriculture	forestry.arboriculture` / `src/main/java/forestry/arboriculture/	pending
38	ForestryMC-ForestryMC	forestry12	/home/ivan/Documents/Kodiranje/Fabric Forestry 26.2/MarkDown_Maker/Finished_github_clone/2026-07-24/ForestryMC-ForestryMC	book	forestry.book` / `src/main/java/forestry/book/	pending
39	ForestryMC-ForestryMC	forestry12	/home/ivan/Documents/Kodiranje/Fabric Forestry 26.2/MarkDown_Maker/Finished_github_clone/2026-07-24/ForestryMC-ForestryMC	climatology	forestry.climatology` / `src/main/java/forestry/climatology/	pending
40	ForestryMC-ForestryMC	forestry12	/home/ivan/Documents/Kodiranje/Fabric Forestry 26.2/MarkDown_Maker/Finished_github_clone/2026-07-24/ForestryMC-ForestryMC	core	forestry.core` / `src/main/java/forestry/core/	pending
41	ForestryMC-ForestryMC	forestry12	/home/ivan/Documents/Kodiranje/Fabric Forestry 26.2/MarkDown_Maker/Finished_github_clone/2026-07-24/ForestryMC-ForestryMC	cultivation	forestry.cultivation` / `src/main/java/forestry/cultivation/	pending
42	ForestryMC-ForestryMC	forestry12	/home/ivan/Documents/Kodiranje/Fabric Forestry 26.2/MarkDown_Maker/Finished_github_clone/2026-07-24/ForestryMC-ForestryMC	database	forestry.database` / `src/main/java/forestry/database/	pending
43	ForestryMC-ForestryMC	forestry12	/home/ivan/Documents/Kodiranje/Fabric Forestry 26.2/MarkDown_Maker/Finished_github_clone/2026-07-24/ForestryMC-ForestryMC	energy	forestry.energy` / `src/main/java/forestry/energy/	pending
44	ForestryMC-ForestryMC	forestry12	/home/ivan/Documents/Kodiranje/Fabric Forestry 26.2/MarkDown_Maker/Finished_github_clone/2026-07-24/ForestryMC-ForestryMC	factory	forestry.factory` / `src/main/java/forestry/factory/	pending
45	ForestryMC-ForestryMC	forestry12	/home/ivan/Documents/Kodiranje/Fabric Forestry 26.2/MarkDown_Maker/Finished_github_clone/2026-07-24/ForestryMC-ForestryMC	farming	forestry.farming` / `src/main/java/forestry/farming/	pending
46	ForestryMC-ForestryMC	forestry12	/home/ivan/Documents/Kodiranje/Fabric Forestry 26.2/MarkDown_Maker/Finished_github_clone/2026-07-24/ForestryMC-ForestryMC	food	forestry.food` / `src/main/java/forestry/food/	pending
47	ForestryMC-ForestryMC	forestry12	/home/ivan/Documents/Kodiranje/Fabric Forestry 26.2/MarkDown_Maker/Finished_github_clone/2026-07-24/ForestryMC-ForestryMC	greenhouse	forestry.greenhouse` / `src/main/java/forestry/greenhouse/	pending
48	ForestryMC-ForestryMC	forestry12	/home/ivan/Documents/Kodiranje/Fabric Forestry 26.2/MarkDown_Maker/Finished_github_clone/2026-07-24/ForestryMC-ForestryMC	lepidopterology	forestry.lepidopterology` / `src/main/java/forestry/lepidopterology/	pending
49	ForestryMC-ForestryMC	forestry12	/home/ivan/Documents/Kodiranje/Fabric Forestry 26.2/MarkDown_Maker/Finished_github_clone/2026-07-24/ForestryMC-ForestryMC	mail	forestry.mail` / `src/main/java/forestry/mail/	pending
50	ForestryMC-ForestryMC	forestry12	/home/ivan/Documents/Kodiranje/Fabric Forestry 26.2/MarkDown_Maker/Finished_github_clone/2026-07-24/ForestryMC-ForestryMC	modules	forestry.modules` / `src/main/java/forestry/modules/	pending
51	ForestryMC-ForestryMC	forestry12	/home/ivan/Documents/Kodiranje/Fabric Forestry 26.2/MarkDown_Maker/Finished_github_clone/2026-07-24/ForestryMC-ForestryMC	plugins	forestry.plugins` / `src/main/java/forestry/plugins/	pending
52	ForestryMC-ForestryMC	forestry12	/home/ivan/Documents/Kodiranje/Fabric Forestry 26.2/MarkDown_Maker/Finished_github_clone/2026-07-24/ForestryMC-ForestryMC	sorting	forestry.sorting` / `src/main/java/forestry/sorting/	pending
53	ForestryMC-ForestryMC	forestry12	/home/ivan/Documents/Kodiranje/Fabric Forestry 26.2/MarkDown_Maker/Finished_github_clone/2026-07-24/ForestryMC-ForestryMC	storage	forestry.storage` / `src/main/java/forestry/storage/	pending
54	ForestryMC-ForestryMC	forestry12	/home/ivan/Documents/Kodiranje/Fabric Forestry 26.2/MarkDown_Maker/Finished_github_clone/2026-07-24/ForestryMC-ForestryMC	worktable	forestry.worktable` / `src/main/java/forestry/worktable/	pending
55	ACGaming-Binnie	binnie	/home/ivan/Documents/Kodiranje/Fabric Forestry 26.2/MarkDown_Maker/Finished_github_clone/2026-07-24/ACGaming-Binnie	core	binnie.core` / `core/src/main/java/binnie/core/	pending
56	ACGaming-Binnie	binnie	/home/ivan/Documents/Kodiranje/Fabric Forestry 26.2/MarkDown_Maker/Finished_github_clone/2026-07-24/ACGaming-Binnie	core-api	binnie.core.api` / `core-api/src/main/java/binnie/core/api/	pending
57	ACGaming-Binnie	binnie	/home/ivan/Documents/Kodiranje/Fabric Forestry 26.2/MarkDown_Maker/Finished_github_clone/2026-07-24/ACGaming-Binnie	botany	binnie.botany` / `botany/src/main/java/binnie/botany/	pending
58	ACGaming-Binnie	binnie	/home/ivan/Documents/Kodiranje/Fabric Forestry 26.2/MarkDown_Maker/Finished_github_clone/2026-07-24/ACGaming-Binnie	botany-api	binnie.botany.api` / `botany-api/src/main/java/binnie/botany/api/	pending
59	ACGaming-Binnie	binnie	/home/ivan/Documents/Kodiranje/Fabric Forestry 26.2/MarkDown_Maker/Finished_github_clone/2026-07-24/ACGaming-Binnie	design	binnie.design` / `design/src/main/java/binnie/design/	pending
60	ACGaming-Binnie	binnie	/home/ivan/Documents/Kodiranje/Fabric Forestry 26.2/MarkDown_Maker/Finished_github_clone/2026-07-24/ACGaming-Binnie	design-api	binnie.design.api` / `design-api/src/main/java/binnie/design/api/	pending
61	ACGaming-Binnie	binnie	/home/ivan/Documents/Kodiranje/Fabric Forestry 26.2/MarkDown_Maker/Finished_github_clone/2026-07-24/ACGaming-Binnie	extrabees	binnie.extrabees` / `extrabees/src/main/java/binnie/extrabees/	pending
62	ACGaming-Binnie	binnie	/home/ivan/Documents/Kodiranje/Fabric Forestry 26.2/MarkDown_Maker/Finished_github_clone/2026-07-24/ACGaming-Binnie	extratrees	binnie.extratrees` / `extratrees/src/main/java/binnie/extratrees/	pending
63	ACGaming-Binnie	binnie	/home/ivan/Documents/Kodiranje/Fabric Forestry 26.2/MarkDown_Maker/Finished_github_clone/2026-07-24/ACGaming-Binnie	extratrees-api	binnie.extratrees.api` / `extratrees-api/src/main/java/binnie/extratrees/api/	pending
64	ACGaming-Binnie	binnie	/home/ivan/Documents/Kodiranje/Fabric Forestry 26.2/MarkDown_Maker/Finished_github_clone/2026-07-24/ACGaming-Binnie	genetics	binnie.genetics` / `genetics/src/main/java/binnie/genetics/	pending
65	ACGaming-Binnie	binnie	/home/ivan/Documents/Kodiranje/Fabric Forestry 26.2/MarkDown_Maker/Finished_github_clone/2026-07-24/ACGaming-Binnie	genetics-api	binnie.genetics.api` / `genetics-api/src/main/java/binnie/genetics/api/	pending
66	thedarkcolour-gendustry	gendustry	/home/ivan/Documents/Kodiranje/Fabric Forestry 26.2/MarkDown_Maker/Finished_github_clone/2026-07-24/thedarkcolour-gendustry	api	thedarkcolour.gendustry.api` / `src/main/java/thedarkcolour/gendustry/api	pending
67	thedarkcolour-gendustry	gendustry	/home/ivan/Documents/Kodiranje/Fabric Forestry 26.2/MarkDown_Maker/Finished_github_clone/2026-07-24/thedarkcolour-gendustry	block	thedarkcolour.gendustry.block` / `src/main/java/thedarkcolour/gendustry/block	pending
68	thedarkcolour-gendustry	gendustry	/home/ivan/Documents/Kodiranje/Fabric Forestry 26.2/MarkDown_Maker/Finished_github_clone/2026-07-24/thedarkcolour-gendustry	blockentity	thedarkcolour.gendustry.blockentity` / `src/main/java/thedarkcolour/gendustry/blockentity	pending
69	thedarkcolour-gendustry	gendustry	/home/ivan/Documents/Kodiranje/Fabric Forestry 26.2/MarkDown_Maker/Finished_github_clone/2026-07-24/thedarkcolour-gendustry	client	thedarkcolour.gendustry.client` / `src/main/java/thedarkcolour/gendustry/client	pending
70	thedarkcolour-gendustry	gendustry	/home/ivan/Documents/Kodiranje/Fabric Forestry 26.2/MarkDown_Maker/Finished_github_clone/2026-07-24/thedarkcolour-gendustry	compat	thedarkcolour.gendustry.compat` / `src/main/java/thedarkcolour/gendustry/compat	pending
71	thedarkcolour-gendustry	gendustry	/home/ivan/Documents/Kodiranje/Fabric Forestry 26.2/MarkDown_Maker/Finished_github_clone/2026-07-24/thedarkcolour-gendustry	data	thedarkcolour.gendustry.data` / `src/main/java/thedarkcolour/gendustry/data	pending
72	thedarkcolour-gendustry	gendustry	/home/ivan/Documents/Kodiranje/Fabric Forestry 26.2/MarkDown_Maker/Finished_github_clone/2026-07-24/thedarkcolour-gendustry	item	thedarkcolour.gendustry.item` / `src/main/java/thedarkcolour/gendustry/item	pending
73	thedarkcolour-gendustry	gendustry	/home/ivan/Documents/Kodiranje/Fabric Forestry 26.2/MarkDown_Maker/Finished_github_clone/2026-07-24/thedarkcolour-gendustry	menu	thedarkcolour.gendustry.menu` / `src/main/java/thedarkcolour/gendustry/menu	pending
74	thedarkcolour-gendustry	gendustry	/home/ivan/Documents/Kodiranje/Fabric Forestry 26.2/MarkDown_Maker/Finished_github_clone/2026-07-24/thedarkcolour-gendustry	recipe	thedarkcolour.gendustry.recipe` / `src/main/java/thedarkcolour/gendustry/recipe	pending
75	thedarkcolour-gendustry	gendustry	/home/ivan/Documents/Kodiranje/Fabric Forestry 26.2/MarkDown_Maker/Finished_github_clone/2026-07-24/thedarkcolour-gendustry	registry	thedarkcolour.gendustry.registry` / `src/main/java/thedarkcolour/gendustry/registry	pending
76	mezz-JustEnoughItems	JEI	/home/ivan/Documents/Kodiranje/Fabric Forestry 26.2/MarkDown_Maker/Finished_github_clone/2026-07-28_16-21-34/mezz-JustEnoughItems	common-api	CommonApi/	pending
77	mezz-JustEnoughItems	JEI	/home/ivan/Documents/Kodiranje/Fabric Forestry 26.2/MarkDown_Maker/Finished_github_clone/2026-07-28_16-21-34/mezz-JustEnoughItems	common	Common/	pending
78	mezz-JustEnoughItems	JEI	/home/ivan/Documents/Kodiranje/Fabric Forestry 26.2/MarkDown_Maker/Finished_github_clone/2026-07-28_16-21-34/mezz-JustEnoughItems	library	Library/	pending
79	mezz-JustEnoughItems	JEI	/home/ivan/Documents/Kodiranje/Fabric Forestry 26.2/MarkDown_Maker/Finished_github_clone/2026-07-28_16-21-34/mezz-JustEnoughItems	gui	Gui/	pending
80	mezz-JustEnoughItems	JEI	/home/ivan/Documents/Kodiranje/Fabric Forestry 26.2/MarkDown_Maker/Finished_github_clone/2026-07-28_16-21-34/mezz-JustEnoughItems	fabric-loader	Fabric/	pending
81	mezz-JustEnoughItems	JEI	/home/ivan/Documents/Kodiranje/Fabric Forestry 26.2/MarkDown_Maker/Finished_github_clone/2026-07-28_16-21-34/mezz-JustEnoughItems	fabric-api	FabricApi/	pending
82	mezz-JustEnoughItems	JEI	/home/ivan/Documents/Kodiranje/Fabric Forestry 26.2/MarkDown_Maker/Finished_github_clone/2026-07-28_16-21-34/mezz-JustEnoughItems	neoforge-loader	NeoForge/	pending
83	mezz-JustEnoughItems	JEI	/home/ivan/Documents/Kodiranje/Fabric Forestry 26.2/MarkDown_Maker/Finished_github_clone/2026-07-28_16-21-34/mezz-JustEnoughItems	neoforge-api	NeoForgeApi/	pending
84	mezz-JustEnoughItems	JEI	/home/ivan/Documents/Kodiranje/Fabric Forestry 26.2/MarkDown_Maker/Finished_github_clone/2026-07-28_16-21-34/mezz-JustEnoughItems	debug	Debug/	pending
85	Tiviacz1337-Travelers-Backpack	backpack	/home/ivan/Documents/Kodiranje/Fabric Forestry 26.2/MarkDown_Maker/Finished_github_clone/2026-07-30/Tiviacz1337-Travelers-Backpack	advancements	com.tiviacz.travelersbackpack.advancements` / `src/main/java/com/tiviacz/travelersbackpack/advancements	pending
86	Tiviacz1337-Travelers-Backpack	backpack	/home/ivan/Documents/Kodiranje/Fabric Forestry 26.2/MarkDown_Maker/Finished_github_clone/2026-07-30/Tiviacz1337-Travelers-Backpack	api	com.tiviacz.travelersbackpack.api` / `src/main/java/com/tiviacz/travelersbackpack/api	pending
87	Tiviacz1337-Travelers-Backpack	backpack	/home/ivan/Documents/Kodiranje/Fabric Forestry 26.2/MarkDown_Maker/Finished_github_clone/2026-07-30/Tiviacz1337-Travelers-Backpack	attachment	com.tiviacz.travelersbackpack.attachment` / `src/main/java/com/tiviacz/travelersbackpack/attachment	pending
88	Tiviacz1337-Travelers-Backpack	backpack	/home/ivan/Documents/Kodiranje/Fabric Forestry 26.2/MarkDown_Maker/Finished_github_clone/2026-07-30/Tiviacz1337-Travelers-Backpack	block	com.tiviacz.travelersbackpack.block` / `src/main/java/com/tiviacz/travelersbackpack/block	pending
89	Tiviacz1337-Travelers-Backpack	backpack	/home/ivan/Documents/Kodiranje/Fabric Forestry 26.2/MarkDown_Maker/Finished_github_clone/2026-07-30/Tiviacz1337-Travelers-Backpack	blockentity	com.tiviacz.travelersbackpack.blockentity` / `src/main/java/com/tiviacz/travelersbackpack/blockentity	pending
90	Tiviacz1337-Travelers-Backpack	backpack	/home/ivan/Documents/Kodiranje/Fabric Forestry 26.2/MarkDown_Maker/Finished_github_clone/2026-07-30/Tiviacz1337-Travelers-Backpack	client	com.tiviacz.travelersbackpack.client` / `src/main/java/com/tiviacz/travelersbackpack/client	pending
91	Tiviacz1337-Travelers-Backpack	backpack	/home/ivan/Documents/Kodiranje/Fabric Forestry 26.2/MarkDown_Maker/Finished_github_clone/2026-07-30/Tiviacz1337-Travelers-Backpack	commands	com.tiviacz.travelersbackpack.commands` / `src/main/java/com/tiviacz/travelersbackpack/commands	pending
92	Tiviacz1337-Travelers-Backpack	backpack	/home/ivan/Documents/Kodiranje/Fabric Forestry 26.2/MarkDown_Maker/Finished_github_clone/2026-07-30/Tiviacz1337-Travelers-Backpack	common	com.tiviacz.travelersbackpack.common` / `src/main/java/com/tiviacz/travelersbackpack/common	pending
93	Tiviacz1337-Travelers-Backpack	backpack	/home/ivan/Documents/Kodiranje/Fabric Forestry 26.2/MarkDown_Maker/Finished_github_clone/2026-07-30/Tiviacz1337-Travelers-Backpack	compat	com.tiviacz.travelersbackpack.compat` / `src/main/java/com/tiviacz/travelersbackpack/compat	pending
94	Tiviacz1337-Travelers-Backpack	backpack	/home/ivan/Documents/Kodiranje/Fabric Forestry 26.2/MarkDown_Maker/Finished_github_clone/2026-07-30/Tiviacz1337-Travelers-Backpack	component	com.tiviacz.travelersbackpack.component` / `src/main/java/com/tiviacz/travelersbackpack/component	pending
95	Tiviacz1337-Travelers-Backpack	backpack	/home/ivan/Documents/Kodiranje/Fabric Forestry 26.2/MarkDown_Maker/Finished_github_clone/2026-07-30/Tiviacz1337-Travelers-Backpack	config	com.tiviacz.travelersbackpack.config` / `src/main/java/com/tiviacz/travelersbackpack/config	pending
96	Tiviacz1337-Travelers-Backpack	backpack	/home/ivan/Documents/Kodiranje/Fabric Forestry 26.2/MarkDown_Maker/Finished_github_clone/2026-07-30/Tiviacz1337-Travelers-Backpack	datagen	com.tiviacz.travelersbackpack.datagen` / `src/main/java/com/tiviacz/travelersbackpack/datagen	pending
97	Tiviacz1337-Travelers-Backpack	backpack	/home/ivan/Documents/Kodiranje/Fabric Forestry 26.2/MarkDown_Maker/Finished_github_clone/2026-07-30/Tiviacz1337-Travelers-Backpack	entity	com.tiviacz.travelersbackpack.entity` / `src/main/java/com/tiviacz/travelersbackpack/entity	pending
98	Tiviacz1337-Travelers-Backpack	backpack	/home/ivan/Documents/Kodiranje/Fabric Forestry 26.2/MarkDown_Maker/Finished_github_clone/2026-07-30/Tiviacz1337-Travelers-Backpack	fluids	com.tiviacz.travelersbackpack.fluids` / `src/main/java/com/tiviacz/travelersbackpack/fluids	pending
99	Tiviacz1337-Travelers-Backpack	backpack	/home/ivan/Documents/Kodiranje/Fabric Forestry 26.2/MarkDown_Maker/Finished_github_clone/2026-07-30/Tiviacz1337-Travelers-Backpack	handlers	com.tiviacz.travelersbackpack.handlers` / `src/main/java/com/tiviacz/travelersbackpack/handlers	pending
100	Tiviacz1337-Travelers-Backpack	backpack	/home/ivan/Documents/Kodiranje/Fabric Forestry 26.2/MarkDown_Maker/Finished_github_clone/2026-07-30/Tiviacz1337-Travelers-Backpack	init	com.tiviacz.travelersbackpack.init` / `src/main/java/com/tiviacz/travelersbackpack/init	pending
101	Tiviacz1337-Travelers-Backpack	backpack	/home/ivan/Documents/Kodiranje/Fabric Forestry 26.2/MarkDown_Maker/Finished_github_clone/2026-07-30/Tiviacz1337-Travelers-Backpack	inventory	com.tiviacz.travelersbackpack.inventory` / `src/main/java/com/tiviacz/travelersbackpack/inventory	pending
102	Tiviacz1337-Travelers-Backpack	backpack	/home/ivan/Documents/Kodiranje/Fabric Forestry 26.2/MarkDown_Maker/Finished_github_clone/2026-07-30/Tiviacz1337-Travelers-Backpack	item	com.tiviacz.travelersbackpack.item` / `src/main/java/com/tiviacz/travelersbackpack/item	pending
103	Tiviacz1337-Travelers-Backpack	backpack	/home/ivan/Documents/Kodiranje/Fabric Forestry 26.2/MarkDown_Maker/Finished_github_clone/2026-07-30/Tiviacz1337-Travelers-Backpack	mixin	com.tiviacz.travelersbackpack.mixin` / `src/main/java/com/tiviacz/travelersbackpack/mixin	pending
104	Tiviacz1337-Travelers-Backpack	backpack	/home/ivan/Documents/Kodiranje/Fabric Forestry 26.2/MarkDown_Maker/Finished_github_clone/2026-07-30/Tiviacz1337-Travelers-Backpack	network	com.tiviacz.travelersbackpack.network` / `src/main/java/com/tiviacz/travelersbackpack/network	pending
105	Tiviacz1337-Travelers-Backpack	backpack	/home/ivan/Documents/Kodiranje/Fabric Forestry 26.2/MarkDown_Maker/Finished_github_clone/2026-07-30/Tiviacz1337-Travelers-Backpack	util	com.tiviacz.travelersbackpack.util` / `src/main/java/com/tiviacz/travelersbackpack/util	pending
106	bernie-g-geckolib	geckolib	/home/ivan/Documents/Kodiranje/Fabric Forestry 26.2/MarkDown_Maker/Finished_github_clone/2026-07-28_18-01-07/bernie-g-geckolib	animatable	com.geckolib.animatable` / `common/src/main/java/com/geckolib/animatable	pending
107	bernie-g-geckolib	geckolib	/home/ivan/Documents/Kodiranje/Fabric Forestry 26.2/MarkDown_Maker/Finished_github_clone/2026-07-28_18-01-07/bernie-g-geckolib	animation	com.geckolib.animation` / `common/src/main/java/com/geckolib/animation	pending
108	bernie-g-geckolib	geckolib	/home/ivan/Documents/Kodiranje/Fabric Forestry 26.2/MarkDown_Maker/Finished_github_clone/2026-07-28_18-01-07/bernie-g-geckolib	cache	com.geckolib.cache` / `common/src/main/java/com/geckolib/cache	pending
109	bernie-g-geckolib	geckolib	/home/ivan/Documents/Kodiranje/Fabric Forestry 26.2/MarkDown_Maker/Finished_github_clone/2026-07-28_18-01-07/bernie-g-geckolib	model	com.geckolib.model` / `common/src/main/java/com/geckolib/model	pending
110	bernie-g-geckolib	geckolib	/home/ivan/Documents/Kodiranje/Fabric Forestry 26.2/MarkDown_Maker/Finished_github_clone/2026-07-28_18-01-07/bernie-g-geckolib	loading	com.geckolib.loading` / `common/src/main/java/com/geckolib/loading	pending
111	bernie-g-geckolib	geckolib	/home/ivan/Documents/Kodiranje/Fabric Forestry 26.2/MarkDown_Maker/Finished_github_clone/2026-07-28_18-01-07/bernie-g-geckolib	renderer	com.geckolib.renderer` / `common/src/main/java/com/geckolib/renderer	pending
112	bernie-g-geckolib	geckolib	/home/ivan/Documents/Kodiranje/Fabric Forestry 26.2/MarkDown_Maker/Finished_github_clone/2026-07-28_18-01-07/bernie-g-geckolib	network	com.geckolib.network` / `common/src/main/java/com/geckolib/network	pending
113	bernie-g-geckolib	geckolib	/home/ivan/Documents/Kodiranje/Fabric Forestry 26.2/MarkDown_Maker/Finished_github_clone/2026-07-28_18-01-07/bernie-g-geckolib	service	com.geckolib.service` / `common/src/main/java/com/geckolib/service	pending
114	bernie-g-geckolib	geckolib	/home/ivan/Documents/Kodiranje/Fabric Forestry 26.2/MarkDown_Maker/Finished_github_clone/2026-07-28_18-01-07/bernie-g-geckolib	event-common	com.geckolib.event` / `common/src/main/java/com/geckolib/event	pending
115	bernie-g-geckolib	geckolib	/home/ivan/Documents/Kodiranje/Fabric Forestry 26.2/MarkDown_Maker/Finished_github_clone/2026-07-28_18-01-07/bernie-g-geckolib	constant	com.geckolib.constant` / `common/src/main/java/com/geckolib/constant	pending
116	bernie-g-geckolib	geckolib	/home/ivan/Documents/Kodiranje/Fabric Forestry 26.2/MarkDown_Maker/Finished_github_clone/2026-07-28_18-01-07/bernie-g-geckolib	mixin	com.geckolib.mixin` / `common/src/main/java/com/geckolib/mixin	pending
117	bernie-g-geckolib	geckolib	/home/ivan/Documents/Kodiranje/Fabric Forestry 26.2/MarkDown_Maker/Finished_github_clone/2026-07-28_18-01-07/bernie-g-geckolib	util	com.geckolib.util` (+ `object`) / `common/src/main/java/com/geckolib/util	pending
118	bernie-g-geckolib	geckolib	/home/ivan/Documents/Kodiranje/Fabric Forestry 26.2/MarkDown_Maker/Finished_github_clone/2026-07-28_18-01-07/bernie-g-geckolib	fabric-platform	com.geckolib.platform` (+ entry) / `fabric/src/main/java/com/geckolib	pending
119	bernie-g-geckolib	geckolib	/home/ivan/Documents/Kodiranje/Fabric Forestry 26.2/MarkDown_Maker/Finished_github_clone/2026-07-28_18-01-07/bernie-g-geckolib	fabric-event	com.geckolib.event` / `fabric/src/main/java/com/geckolib/event	pending
120	bernie-g-geckolib	geckolib	/home/ivan/Documents/Kodiranje/Fabric Forestry 26.2/MarkDown_Maker/Finished_github_clone/2026-07-28_18-01-07/bernie-g-geckolib	fabric-network	com.geckolib.network` / `fabric/src/main/java/com/geckolib/network	pending
121	SuperMartijn642-SuperMartijn642sCoreLib	corelib	/home/ivan/Documents/Kodiranje/Fabric Forestry 26.2/MarkDown_Maker/Finished_github_clone/2026-07-28_18-01-07/SuperMartijn642-SuperMartijn642sCoreLib	block	com.supermartijn642.core.block` / `src/main/java/com/supermartijn642/core/block	pending
122	SuperMartijn642-SuperMartijn642sCoreLib	corelib	/home/ivan/Documents/Kodiranje/Fabric Forestry 26.2/MarkDown_Maker/Finished_github_clone/2026-07-28_18-01-07/SuperMartijn642-SuperMartijn642sCoreLib	data	com.supermartijn642.core.data` / `src/main/java/com/supermartijn642/core/data	pending
123	SuperMartijn642-SuperMartijn642sCoreLib	corelib	/home/ivan/Documents/Kodiranje/Fabric Forestry 26.2/MarkDown_Maker/Finished_github_clone/2026-07-28_18-01-07/SuperMartijn642-SuperMartijn642sCoreLib	extensions	com.supermartijn642.core.extensions` / `src/main/java/com/supermartijn642/core/extensions	pending
124	SuperMartijn642-SuperMartijn642sCoreLib	corelib	/home/ivan/Documents/Kodiranje/Fabric Forestry 26.2/MarkDown_Maker/Finished_github_clone/2026-07-28_18-01-07/SuperMartijn642-SuperMartijn642sCoreLib	generator	com.supermartijn642.core.generator` / `src/main/java/com/supermartijn642/core/generator	pending
125	SuperMartijn642-SuperMartijn642sCoreLib	corelib	/home/ivan/Documents/Kodiranje/Fabric Forestry 26.2/MarkDown_Maker/Finished_github_clone/2026-07-28_18-01-07/SuperMartijn642-SuperMartijn642sCoreLib	gui	com.supermartijn642.core.gui` / `src/main/java/com/supermartijn642/core/gui	pending
126	SuperMartijn642-SuperMartijn642sCoreLib	corelib	/home/ivan/Documents/Kodiranje/Fabric Forestry 26.2/MarkDown_Maker/Finished_github_clone/2026-07-28_18-01-07/SuperMartijn642-SuperMartijn642sCoreLib	item	com.supermartijn642.core.item` / `src/main/java/com/supermartijn642/core/item	pending
127	SuperMartijn642-SuperMartijn642sCoreLib	corelib	/home/ivan/Documents/Kodiranje/Fabric Forestry 26.2/MarkDown_Maker/Finished_github_clone/2026-07-28_18-01-07/SuperMartijn642-SuperMartijn642sCoreLib	mixin	com.supermartijn642.core.mixin` / `src/main/java/com/supermartijn642/core/mixin	pending
128	SuperMartijn642-SuperMartijn642sCoreLib	corelib	/home/ivan/Documents/Kodiranje/Fabric Forestry 26.2/MarkDown_Maker/Finished_github_clone/2026-07-28_18-01-07/SuperMartijn642-SuperMartijn642sCoreLib	network	com.supermartijn642.core.network` / `src/main/java/com/supermartijn642/core/network	pending
129	SuperMartijn642-SuperMartijn642sCoreLib	corelib	/home/ivan/Documents/Kodiranje/Fabric Forestry 26.2/MarkDown_Maker/Finished_github_clone/2026-07-28_18-01-07/SuperMartijn642-SuperMartijn642sCoreLib	registry	com.supermartijn642.core.registry` / `src/main/java/com/supermartijn642/core/registry	pending
130	SuperMartijn642-SuperMartijn642sCoreLib	corelib	/home/ivan/Documents/Kodiranje/Fabric Forestry 26.2/MarkDown_Maker/Finished_github_clone/2026-07-28_18-01-07/SuperMartijn642-SuperMartijn642sCoreLib	render	com.supermartijn642.core.render` / `src/main/java/com/supermartijn642/core/render	pending
131	SuperMartijn642-SuperMartijn642sCoreLib	corelib	/home/ivan/Documents/Kodiranje/Fabric Forestry 26.2/MarkDown_Maker/Finished_github_clone/2026-07-28_18-01-07/SuperMartijn642-SuperMartijn642sCoreLib	util	com.supermartijn642.core.util` / `src/main/java/com/supermartijn642/core/util	pending
132	TechReborn-Energy	Energy	/home/ivan/Documents/Kodiranje/Fabric Forestry 26.2/MarkDown_Maker/Finished_github_clone/2026-07-24/TechReborn-Energy	api	team.reborn.energy.api` / `src/main/java/team/reborn/energy/api	pending
133	TechReborn-Energy	Energy	/home/ivan/Documents/Kodiranje/Fabric Forestry 26.2/MarkDown_Maker/Finished_github_clone/2026-07-24/TechReborn-Energy	base	team.reborn.energy.api.base` / `src/main/java/team/reborn/energy/api/base	pending
134	TechReborn-Energy	Energy	/home/ivan/Documents/Kodiranje/Fabric Forestry 26.2/MarkDown_Maker/Finished_github_clone/2026-07-24/TechReborn-Energy	impl	team.reborn.energy.impl` / `src/main/java/team/reborn/energy/impl	pending
135	thedarkcolour-ModKit	modkit	/home/ivan/Documents/Kodiranje/Fabric Forestry 26.2/MarkDown_Maker/Finished_github_clone/2026-07-24/thedarkcolour-ModKit	block	thedarkcolour.modkit.block` / `src/main/java/thedarkcolour/modkit/block	pending
136	thedarkcolour-ModKit	modkit	/home/ivan/Documents/Kodiranje/Fabric Forestry 26.2/MarkDown_Maker/Finished_github_clone/2026-07-24/thedarkcolour-ModKit	blockentity	thedarkcolour.modkit.blockentity` / `src/main/java/thedarkcolour/modkit/blockentity	pending
137	thedarkcolour-ModKit	modkit	/home/ivan/Documents/Kodiranje/Fabric Forestry 26.2/MarkDown_Maker/Finished_github_clone/2026-07-24/thedarkcolour-ModKit	data	thedarkcolour.modkit.data` / `src/main/java/thedarkcolour/modkit/data	pending
138	thedarkcolour-ModKit	modkit	/home/ivan/Documents/Kodiranje/Fabric Forestry 26.2/MarkDown_Maker/Finished_github_clone/2026-07-24/thedarkcolour-ModKit	item	thedarkcolour.modkit.item` / `src/main/java/thedarkcolour/modkit/item	pending
139	Tutorials-By-Kaupenjoe-Fabric-Tutorial-26.X	kaupenjoe	/home/ivan/Documents/Kodiranje/Fabric Forestry 26.2/MarkDown_Maker/Finished_github_clone/2026-07-28/Tutorials-By-Kaupenjoe-Fabric-Tutorial-26.X	blocks	…tutorialmod.block` (+ `custom`, `entity`, `entity.renderer`)	pending
140	Tutorials-By-Kaupenjoe-Fabric-Tutorial-26.X	kaupenjoe	/home/ivan/Documents/Kodiranje/Fabric Forestry 26.2/MarkDown_Maker/Finished_github_clone/2026-07-28/Tutorials-By-Kaupenjoe-Fabric-Tutorial-26.X	items	…tutorialmod.item` (+ `custom`) + `food	pending
141	Tutorials-By-Kaupenjoe-Fabric-Tutorial-26.X	kaupenjoe	/home/ivan/Documents/Kodiranje/Fabric Forestry 26.2/MarkDown_Maker/Finished_github_clone/2026-07-28/Tutorials-By-Kaupenjoe-Fabric-Tutorial-26.X	menus	…tutorialmod.menu` (+ `custom`)	pending
142	Tutorials-By-Kaupenjoe-Fabric-Tutorial-26.X	kaupenjoe	/home/ivan/Documents/Kodiranje/Fabric Forestry 26.2/MarkDown_Maker/Finished_github_clone/2026-07-28/Tutorials-By-Kaupenjoe-Fabric-Tutorial-26.X	recipes	…tutorialmod.recipe` (+ `custom`)	pending
143	Tutorials-By-Kaupenjoe-Fabric-Tutorial-26.X	kaupenjoe	/home/ivan/Documents/Kodiranje/Fabric Forestry 26.2/MarkDown_Maker/Finished_github_clone/2026-07-28/Tutorials-By-Kaupenjoe-Fabric-Tutorial-26.X	datagen	…tutorialmod.datagen` (+ `recipe`, `villager`)	pending
144	Tutorials-By-Kaupenjoe-Fabric-Tutorial-26.X	kaupenjoe	/home/ivan/Documents/Kodiranje/Fabric Forestry 26.2/MarkDown_Maker/Finished_github_clone/2026-07-28/Tutorials-By-Kaupenjoe-Fabric-Tutorial-26.X	compat	…tutorialmod.compat` (+ `custom`)	pending
145	Tutorials-By-Kaupenjoe-Fabric-Tutorial-26.X	kaupenjoe	/home/ivan/Documents/Kodiranje/Fabric Forestry 26.2/MarkDown_Maker/Finished_github_clone/2026-07-28/Tutorials-By-Kaupenjoe-Fabric-Tutorial-26.X	networking	…tutorialmod.networking` (+ `packet`)	pending
146	Tutorials-By-Kaupenjoe-Fabric-Tutorial-26.X	kaupenjoe	/home/ivan/Documents/Kodiranje/Fabric Forestry 26.2/MarkDown_Maker/Finished_github_clone/2026-07-28/Tutorials-By-Kaupenjoe-Fabric-Tutorial-26.X	villagers	…tutorialmod.villager	pending
147	Tutorials-By-Kaupenjoe-Fabric-Tutorial-26.X	kaupenjoe	/home/ivan/Documents/Kodiranje/Fabric Forestry 26.2/MarkDown_Maker/Finished_github_clone/2026-07-28/Tutorials-By-Kaupenjoe-Fabric-Tutorial-26.X	effects	…tutorialmod.effect` + `potion	pending
148	Tutorials-By-Kaupenjoe-Fabric-Tutorial-26.X	kaupenjoe	/home/ivan/Documents/Kodiranje/Fabric Forestry 26.2/MarkDown_Maker/Finished_github_clone/2026-07-28/Tutorials-By-Kaupenjoe-Fabric-Tutorial-26.X	sounds	…tutorialmod.sound	pending
149	Tutorials-By-Kaupenjoe-Fabric-Tutorial-26.X	kaupenjoe	/home/ivan/Documents/Kodiranje/Fabric Forestry 26.2/MarkDown_Maker/Finished_github_clone/2026-07-28/Tutorials-By-Kaupenjoe-Fabric-Tutorial-26.X	tags	…tutorialmod.tags	pending
150	Tutorials-By-Kaupenjoe-Fabric-Tutorial-26.X	kaupenjoe	/home/ivan/Documents/Kodiranje/Fabric Forestry 26.2/MarkDown_Maker/Finished_github_clone/2026-07-28/Tutorials-By-Kaupenjoe-Fabric-Tutorial-26.X	loot	…tutorialmod.loot	pending
151	Tutorials-By-Kaupenjoe-Fabric-Tutorial-26.X	kaupenjoe	/home/ivan/Documents/Kodiranje/Fabric Forestry 26.2/MarkDown_Maker/Finished_github_clone/2026-07-28/Tutorials-By-Kaupenjoe-Fabric-Tutorial-26.X	creative_tabs	…tutorialmod.creativemodetab	pending
152	Tutorials-By-Kaupenjoe-Fabric-Tutorial-26.X	kaupenjoe	/home/ivan/Documents/Kodiranje/Fabric Forestry 26.2/MarkDown_Maker/Finished_github_clone/2026-07-28/Tutorials-By-Kaupenjoe-Fabric-Tutorial-26.X	data_components	…tutorialmod.data	pending
153	Tutorials-By-Kaupenjoe-Fabric-Tutorial-26.X	kaupenjoe	/home/ivan/Documents/Kodiranje/Fabric Forestry 26.2/MarkDown_Maker/Finished_github_clone/2026-07-28/Tutorials-By-Kaupenjoe-Fabric-Tutorial-26.X	registries	…tutorialmod.registries	pending
154	Tutorials-By-Kaupenjoe-Fabric-Tutorial-26.X	kaupenjoe	/home/ivan/Documents/Kodiranje/Fabric Forestry 26.2/MarkDown_Maker/Finished_github_clone/2026-07-28/Tutorials-By-Kaupenjoe-Fabric-Tutorial-26.X	keymapping	…tutorialmod.keymapping	pending
155	Tutorials-By-Kaupenjoe-Fabric-Tutorial-26.X	kaupenjoe	/home/ivan/Documents/Kodiranje/Fabric Forestry 26.2/MarkDown_Maker/Finished_github_clone/2026-07-28/Tutorials-By-Kaupenjoe-Fabric-Tutorial-26.X	mixins	…tutorialmod.mixin	pending
156	Tutorials-By-Kaupenjoe-Fabric-Tutorial-26.X	kaupenjoe	/home/ivan/Documents/Kodiranje/Fabric Forestry 26.2/MarkDown_Maker/Finished_github_clone/2026-07-28/Tutorials-By-Kaupenjoe-Fabric-Tutorial-26.X	stats	…tutorialmod.stat	pending
