registry_name,source_field
forestry:oak_fireproof_log,LOGS_VANILLA_FIREPROOF
forestry:spruce_fireproof_log,LOGS_VANILLA_FIREPROOF
forestry:birch_fireproof_log,LOGS_VANILLA_FIREPROOF
forestry:jungle_fireproof_log,LOGS_VANILLA_FIREPROOF
forestry:acacia_fireproof_log,LOGS_VANILLA_FIREPROOF
forestry:dark_oak_fireproof_log,LOGS_VANILLA_FIREPROOF
forestry:cherry_fireproof_log,LOGS_VANILLA_FIREPROOF
forestry:oak_fireproof_wood,WOOD_VANILLA_FIREPROOF
forestry:spruce_fireproof_wood,WOOD_VANILLA_FIREPROOF
forestry:birch_fireproof_wood,WOOD_VANILLA_FIREPROOF
forestry:jungle_fireproof_wood,WOOD_VANILLA_FIREPROOF
forestry:acacia_fireproof_wood,WOOD_VANILLA_FIREPROOF
forestry:dark_oak_fireproof_wood,WOOD_VANILLA_FIREPROOF
forestry:cherry_fireproof_wood,WOOD_VANILLA_FIREPROOF
forestry:oak_fireproof_stripped_log,STRIPPED_LOGS_VANILLA_FIREPROOF
forestry:spruce_fireproof_stripped_log,STRIPPED_LOGS_VANILLA_FIREPROOF
forestry:birch_fireproof_stripped_log,STRIPPED_LOGS_VANILLA_FIREPROOF
forestry:jungle_fireproof_stripped_log,STRIPPED_LOGS_VANILLA_FIREPROOF
forestry:acacia_fireproof_stripped_log,STRIPPED_LOGS_VANILLA_FIREPROOF
forestry:dark_oak_fireproof_stripped_log,STRIPPED_LOGS_VANILLA_FIREPROOF
forestry:cherry_fireproof_stripped_log,STRIPPED_LOGS_VANILLA_FIREPROOF
forestry:oak_fireproof_stripped_wood,STRIPPED_WOOD_VANILLA_FIREPROOF
forestry:spruce_fireproof_stripped_wood,STRIPPED_WOOD_VANILLA_FIREPROOF
forestry:birch_fireproof_stripped_wood,STRIPPED_WOOD_VANILLA_FIREPROOF
forestry:jungle_fireproof_stripped_wood,STRIPPED_WOOD_VANILLA_FIREPROOF
forestry:acacia_fireproof_stripped_wood,STRIPPED_WOOD_VANILLA_FIREPROOF
forestry:dark_oak_fireproof_stripped_wood,STRIPPED_WOOD_VANILLA_FIREPROOF
forestry:cherry_fireproof_stripped_wood,STRIPPED_WOOD_VANILLA_FIREPROOF
forestry:larch_log,LOGS
forestry:teak_log,LOGS
forestry:acacia_desert_log,LOGS
forestry:lime_log,LOGS
forestry:chestnut_log,LOGS
forestry:wenge_log,LOGS
forestry:baobab_log,LOGS
forestry:sequoia_log,LOGS
forestry:kapok_log,LOGS
forestry:ebony_log,LOGS
forestry:elm_log,LOGS
forestry:mahogany_log,LOGS
forestry:balsa_log,LOGS
forestry:willow_log,LOGS
forestry:walnut_log,LOGS
forestry:greenheart_log,LOGS
forestry:hill_cherry_log,LOGS
forestry:mahoe_log,LOGS
forestry:poplar_log,LOGS
forestry:palm_log,LOGS
forestry:papaya_log,LOGS
forestry:pine_log,LOGS
forestry:plum_log,LOGS
forestry:maple_log,LOGS
forestry:citrus_log,LOGS
forestry:giganteum_log,LOGS
forestry:ipe_log,LOGS
forestry:padauk_log,LOGS
forestry:cocobolo_log,LOGS
forestry:fir_log,LOGS
forestry:coconut_log,LOGS
forestry:beech_log,LOGS
forestry:feijoa_log,LOGS
forestry:dogwood_log,LOGS
forestry:ginkgo_log,LOGS
forestry:jacaranda_log,LOGS
forestry:pewen_log,LOGS
forestry:macrocarpa_log,LOGS
forestry:olive_log,LOGS
forestry:orange_log,LOGS
forestry:pear_log,LOGS
forestry:kauri_log,LOGS
forestry:zebrawood_log,LOGS
forestry:larch_fireproof_log,LOGS_FIREPROOF
forestry:teak_fireproof_log,LOGS_FIREPROOF
forestry:acacia_desert_fireproof_log,LOGS_FIREPROOF
forestry:lime_fireproof_log,LOGS_FIREPROOF
forestry:chestnut_fireproof_log,LOGS_FIREPROOF
forestry:wenge_fireproof_log,LOGS_FIREPROOF
forestry:baobab_fireproof_log,LOGS_FIREPROOF
forestry:sequoia_fireproof_log,LOGS_FIREPROOF
forestry:kapok_fireproof_log,LOGS_FIREPROOF
forestry:ebony_fireproof_log,LOGS_FIREPROOF
forestry:elm_fireproof_log,LOGS_FIREPROOF
forestry:mahogany_fireproof_log,LOGS_FIREPROOF
forestry:balsa_fireproof_log,LOGS_FIREPROOF
forestry:willow_fireproof_log,LOGS_FIREPROOF
forestry:walnut_fireproof_log,LOGS_FIREPROOF
forestry:greenheart_fireproof_log,LOGS_FIREPROOF
forestry:hill_cherry_fireproof_log,LOGS_FIREPROOF
forestry:mahoe_fireproof_log,LOGS_FIREPROOF
forestry:poplar_fireproof_log,LOGS_FIREPROOF
forestry:palm_fireproof_log,LOGS_FIREPROOF
forestry:papaya_fireproof_log,LOGS_FIREPROOF
forestry:pine_fireproof_log,LOGS_FIREPROOF
forestry:plum_fireproof_log,LOGS_FIREPROOF
forestry:maple_fireproof_log,LOGS_FIREPROOF
forestry:citrus_fireproof_log,LOGS_FIREPROOF
forestry:giganteum_fireproof_log,LOGS_FIREPROOF
forestry:ipe_fireproof_log,LOGS_FIREPROOF
forestry:padauk_fireproof_log,LOGS_FIREPROOF
forestry:cocobolo_fireproof_log,LOGS_FIREPROOF
forestry:fir_fireproof_log,LOGS_FIREPROOF
forestry:coconut_fireproof_log,LOGS_FIREPROOF
forestry:beech_fireproof_log,LOGS_FIREPROOF
forestry:feijoa_fireproof_log,LOGS_FIREPROOF
forestry:dogwood_fireproof_log,LOGS_FIREPROOF
forestry:ginkgo_fireproof_log,LOGS_FIREPROOF
forestry:jacaranda_fireproof_log,LOGS_FIREPROOF
forestry:pewen_fireproof_log,LOGS_FIREPROOF
forestry:macrocarpa_fireproof_log,LOGS_FIREPROOF
forestry:olive_fireproof_log,LOGS_FIREPROOF
forestry:orange_fireproof_log,LOGS_FIREPROOF
forestry:pear_fireproof_log,LOGS_FIREPROOF
forestry:kauri_fireproof_log,LOGS_FIREPROOF
forestry:zebrawood_fireproof_log,LOGS_FIREPROOF
forestry:larch_stripped_log,STRIPPED_LOGS
forestry:teak_stripped_log,STRIPPED_LOGS
forestry:acacia_desert_stripped_log,STRIPPED_LOGS
forestry:lime_stripped_log,STRIPPED_LOGS
forestry:chestnut_stripped_log,STRIPPED_LOGS
forestry:wenge_stripped_log,STRIPPED_LOGS
forestry:baobab_stripped_log,STRIPPED_LOGS
forestry:sequoia_stripped_log,STRIPPED_LOGS
forestry:kapok_stripped_log,STRIPPED_LOGS
forestry:ebony_stripped_log,STRIPPED_LOGS
forestry:elm_stripped_log,STRIPPED_LOGS
forestry:mahogany_stripped_log,STRIPPED_LOGS
forestry:balsa_stripped_log,STRIPPED_LOGS
forestry:willow_stripped_log,STRIPPED_LOGS
forestry:walnut_stripped_log,STRIPPED_LOGS
forestry:greenheart_stripped_log,STRIPPED_LOGS
forestry:hill_cherry_stripped_log,STRIPPED_LOGS
forestry:mahoe_stripped_log,STRIPPED_LOGS
forestry:poplar_stripped_log,STRIPPED_LOGS
forestry:palm_stripped_log,STRIPPED_LOGS
forestry:papaya_stripped_log,STRIPPED_LOGS
forestry:pine_stripped_log,STRIPPED_LOGS
forestry:plum_stripped_log,STRIPPED_LOGS
forestry:maple_stripped_log,STRIPPED_LOGS
forestry:citrus_stripped_log,STRIPPED_LOGS
forestry:giganteum_stripped_log,STRIPPED_LOGS
forestry:ipe_stripped_log,STRIPPED_LOGS
forestry:padauk_stripped_log,STRIPPED_LOGS
forestry:cocobolo_stripped_log,STRIPPED_LOGS
forestry:fir_stripped_log,STRIPPED_LOGS
forestry:coconut_stripped_log,STRIPPED_LOGS
forestry:beech_stripped_log,STRIPPED_LOGS
forestry:feijoa_stripped_log,STRIPPED_LOGS
forestry:dogwood_stripped_log,STRIPPED_LOGS
forestry:ginkgo_stripped_log,STRIPPED_LOGS
forestry:jacaranda_stripped_log,STRIPPED_LOGS
forestry:pewen_stripped_log,STRIPPED_LOGS
forestry:macrocarpa_stripped_log,STRIPPED_LOGS
forestry:olive_stripped_log,STRIPPED_LOGS
forestry:orange_stripped_log,STRIPPED_LOGS
forestry:pear_stripped_log,STRIPPED_LOGS
forestry:kauri_stripped_log,STRIPPED_LOGS
forestry:zebrawood_stripped_log,STRIPPED_LOGS
forestry:larch_fireproof_stripped_log,STRIPPED_LOGS_FIREPROOF
forestry:teak_fireproof_stripped_log,STRIPPED_LOGS_FIREPROOF
forestry:acacia_desert_fireproof_stripped_log,STRIPPED_LOGS_FIREPROOF
forestry:lime_fireproof_stripped_log,STRIPPED_LOGS_FIREPROOF
forestry:chestnut_fireproof_stripped_log,STRIPPED_LOGS_FIREPROOF
forestry:wenge_fireproof_stripped_log,STRIPPED_LOGS_FIREPROOF
forestry:baobab_fireproof_stripped_log,STRIPPED_LOGS_FIREPROOF
forestry:sequoia_fireproof_stripped_log,STRIPPED_LOGS_FIREPROOF
forestry:kapok_fireproof_stripped_log,STRIPPED_LOGS_FIREPROOF
forestry:ebony_fireproof_stripped_log,STRIPPED_LOGS_FIREPROOF
forestry:elm_fireproof_stripped_log,STRIPPED_LOGS_FIREPROOF
forestry:mahogany_fireproof_stripped_log,STRIPPED_LOGS_FIREPROOF
forestry:balsa_fireproof_stripped_log,STRIPPED_LOGS_FIREPROOF
forestry:willow_fireproof_stripped_log,STRIPPED_LOGS_FIREPROOF
forestry:walnut_fireproof_stripped_log,STRIPPED_LOGS_FIREPROOF
forestry:greenheart_fireproof_stripped_log,STRIPPED_LOGS_FIREPROOF
forestry:hill_cherry_fireproof_stripped_log,STRIPPED_LOGS_FIREPROOF
forestry:mahoe_fireproof_stripped_log,STRIPPED_LOGS_FIREPROOF
forestry:poplar_fireproof_stripped_log,STRIPPED_LOGS_FIREPROOF
forestry:palm_fireproof_stripped_log,STRIPPED_LOGS_FIREPROOF
forestry:papaya_fireproof_stripped_log,STRIPPED_LOGS_FIREPROOF
forestry:pine_fireproof_stripped_log,STRIPPED_LOGS_FIREPROOF
forestry:plum_fireproof_stripped_log,STRIPPED_LOGS_FIREPROOF
forestry:maple_fireproof_stripped_log,STRIPPED_LOGS_FIREPROOF
forestry:citrus_fireproof_stripped_log,STRIPPED_LOGS_FIREPROOF
forestry:giganteum_fireproof_stripped_log,STRIPPED_LOGS_FIREPROOF
forestry:ipe_fireproof_stripped_log,STRIPPED_LOGS_FIREPROOF
forestry:padauk_fireproof_stripped_log,STRIPPED_LOGS_FIREPROOF
forestry:cocobolo_fireproof_stripped_log,STRIPPED_LOGS_FIREPROOF
forestry:fir_fireproof_stripped_log,STRIPPED_LOGS_FIREPROOF
forestry:coconut_fireproof_stripped_log,STRIPPED_LOGS_FIREPROOF
forestry:beech_fireproof_stripped_log,STRIPPED_LOGS_FIREPROOF
forestry:feijoa_fireproof_stripped_log,STRIPPED_LOGS_FIREPROOF
forestry:dogwood_fireproof_stripped_log,STRIPPED_LOGS_FIREPROOF
forestry:ginkgo_fireproof_stripped_log,STRIPPED_LOGS_FIREPROOF
forestry:jacaranda_fireproof_stripped_log,STRIPPED_LOGS_FIREPROOF
forestry:pewen_fireproof_stripped_log,STRIPPED_LOGS_FIREPROOF
forestry:macrocarpa_fireproof_stripped_log,STRIPPED_LOGS_FIREPROOF
forestry:olive_fireproof_stripped_log,STRIPPED_LOGS_FIREPROOF
forestry:orange_fireproof_stripped_log,STRIPPED_LOGS_FIREPROOF
forestry:pear_fireproof_stripped_log,STRIPPED_LOGS_FIREPROOF
forestry:kauri_fireproof_stripped_log,STRIPPED_LOGS_FIREPROOF
forestry:zebrawood_fireproof_stripped_log,STRIPPED_LOGS_FIREPROOF
forestry:larch_wood,WOOD
forestry:teak_wood,WOOD
forestry:acacia_desert_wood,WOOD
forestry:lime_wood,WOOD
forestry:chestnut_wood,WOOD
forestry:wenge_wood,WOOD
forestry:baobab_wood,WOOD
forestry:sequoia_wood,WOOD
forestry:kapok_wood,WOOD
forestry:ebony_wood,WOOD
forestry:elm_wood,WOOD
forestry:mahogany_wood,WOOD
forestry:balsa_wood,WOOD
forestry:willow_wood,WOOD
forestry:walnut_wood,WOOD
forestry:greenheart_wood,WOOD
forestry:hill_cherry_wood,WOOD
forestry:mahoe_wood,WOOD
forestry:poplar_wood,WOOD
forestry:palm_wood,WOOD
forestry:papaya_wood,WOOD
forestry:pine_wood,WOOD
forestry:plum_wood,WOOD
forestry:maple_wood,WOOD
forestry:citrus_wood,WOOD
forestry:giganteum_wood,WOOD
forestry:ipe_wood,WOOD
forestry:padauk_wood,WOOD
forestry:cocobolo_wood,WOOD
forestry:fir_wood,WOOD
forestry:coconut_wood,WOOD
forestry:beech_wood,WOOD
forestry:feijoa_wood,WOOD
forestry:dogwood_wood,WOOD
forestry:ginkgo_wood,WOOD
forestry:jacaranda_wood,WOOD
forestry:pewen_wood,WOOD
forestry:macrocarpa_wood,WOOD
forestry:olive_wood,WOOD
forestry:orange_wood,WOOD
forestry:pear_wood,WOOD
forestry:kauri_wood,WOOD
forestry:zebrawood_wood,WOOD
forestry:larch_fireproof_wood,WOOD_FIREPROOF
forestry:teak_fireproof_wood,WOOD_FIREPROOF
forestry:acacia_desert_fireproof_wood,WOOD_FIREPROOF
forestry:lime_fireproof_wood,WOOD_FIREPROOF
forestry:chestnut_fireproof_wood,WOOD_FIREPROOF
forestry:wenge_fireproof_wood,WOOD_FIREPROOF
forestry:baobab_fireproof_wood,WOOD_FIREPROOF
forestry:sequoia_fireproof_wood,WOOD_FIREPROOF
forestry:kapok_fireproof_wood,WOOD_FIREPROOF
forestry:ebony_fireproof_wood,WOOD_FIREPROOF
forestry:elm_fireproof_wood,WOOD_FIREPROOF
forestry:mahogany_fireproof_wood,WOOD_FIREPROOF
forestry:balsa_fireproof_wood,WOOD_FIREPROOF
forestry:willow_fireproof_wood,WOOD_FIREPROOF
forestry:walnut_fireproof_wood,WOOD_FIREPROOF
forestry:greenheart_fireproof_wood,WOOD_FIREPROOF
forestry:hill_cherry_fireproof_wood,WOOD_FIREPROOF
forestry:mahoe_fireproof_wood,WOOD_FIREPROOF
forestry:poplar_fireproof_wood,WOOD_FIREPROOF
forestry:palm_fireproof_wood,WOOD_FIREPROOF
forestry:papaya_fireproof_wood,WOOD_FIREPROOF
forestry:pine_fireproof_wood,WOOD_FIREPROOF
forestry:plum_fireproof_wood,WOOD_FIREPROOF
forestry:maple_fireproof_wood,WOOD_FIREPROOF
forestry:citrus_fireproof_wood,WOOD_FIREPROOF
forestry:giganteum_fireproof_wood,WOOD_FIREPROOF
forestry:ipe_fireproof_wood,WOOD_FIREPROOF
forestry:padauk_fireproof_wood,WOOD_FIREPROOF
forestry:cocobolo_fireproof_wood,WOOD_FIREPROOF
forestry:fir_fireproof_wood,WOOD_FIREPROOF
forestry:coconut_fireproof_wood,WOOD_FIREPROOF
forestry:beech_fireproof_wood,WOOD_FIREPROOF
forestry:feijoa_fireproof_wood,WOOD_FIREPROOF
forestry:dogwood_fireproof_wood,WOOD_FIREPROOF
forestry:ginkgo_fireproof_wood,WOOD_FIREPROOF
forestry:jacaranda_fireproof_wood,WOOD_FIREPROOF
forestry:pewen_fireproof_wood,WOOD_FIREPROOF
forestry:macrocarpa_fireproof_wood,WOOD_FIREPROOF
forestry:olive_fireproof_wood,WOOD_FIREPROOF
forestry:orange_fireproof_wood,WOOD_FIREPROOF
forestry:pear_fireproof_wood,WOOD_FIREPROOF
forestry:kauri_fireproof_wood,WOOD_FIREPROOF
forestry:zebrawood_fireproof_wood,WOOD_FIREPROOF
forestry:larch_stripped_wood,STRIPPED_WOOD
forestry:teak_stripped_wood,STRIPPED_WOOD
forestry:acacia_desert_stripped_wood,STRIPPED_WOOD
forestry:lime_stripped_wood,STRIPPED_WOOD
forestry:chestnut_stripped_wood,STRIPPED_WOOD
forestry:wenge_stripped_wood,STRIPPED_WOOD
forestry:baobab_stripped_wood,STRIPPED_WOOD
forestry:sequoia_stripped_wood,STRIPPED_WOOD
forestry:kapok_stripped_wood,STRIPPED_WOOD
forestry:ebony_stripped_wood,STRIPPED_WOOD
forestry:elm_stripped_wood,STRIPPED_WOOD
forestry:mahogany_stripped_wood,STRIPPED_WOOD
forestry:balsa_stripped_wood,STRIPPED_WOOD
forestry:willow_stripped_wood,STRIPPED_WOOD
forestry:walnut_stripped_wood,STRIPPED_WOOD
forestry:greenheart_stripped_wood,STRIPPED_WOOD
forestry:hill_cherry_stripped_wood,STRIPPED_WOOD
forestry:mahoe_stripped_wood,STRIPPED_WOOD
forestry:poplar_stripped_wood,STRIPPED_WOOD
forestry:palm_stripped_wood,STRIPPED_WOOD
forestry:papaya_stripped_wood,STRIPPED_WOOD
forestry:pine_stripped_wood,STRIPPED_WOOD
forestry:plum_stripped_wood,STRIPPED_WOOD
forestry:maple_stripped_wood,STRIPPED_WOOD
forestry:citrus_stripped_wood,STRIPPED_WOOD
forestry:giganteum_stripped_wood,STRIPPED_WOOD
forestry:ipe_stripped_wood,STRIPPED_WOOD
forestry:padauk_stripped_wood,STRIPPED_WOOD
forestry:cocobolo_stripped_wood,STRIPPED_WOOD
forestry:fir_stripped_wood,STRIPPED_WOOD
forestry:coconut_stripped_wood,STRIPPED_WOOD
forestry:beech_stripped_wood,STRIPPED_WOOD
forestry:feijoa_stripped_wood,STRIPPED_WOOD
forestry:dogwood_stripped_wood,STRIPPED_WOOD
forestry:ginkgo_stripped_wood,STRIPPED_WOOD
forestry:jacaranda_stripped_wood,STRIPPED_WOOD
forestry:pewen_stripped_wood,STRIPPED_WOOD
forestry:macrocarpa_stripped_wood,STRIPPED_WOOD
forestry:olive_stripped_wood,STRIPPED_WOOD
forestry:orange_stripped_wood,STRIPPED_WOOD
forestry:pear_stripped_wood,STRIPPED_WOOD
forestry:kauri_stripped_wood,STRIPPED_WOOD
forestry:zebrawood_stripped_wood,STRIPPED_WOOD
forestry:larch_fireproof_stripped_wood,STRIPPED_WOOD_FIREPROOF
forestry:teak_fireproof_stripped_wood,STRIPPED_WOOD_FIREPROOF
forestry:acacia_desert_fireproof_stripped_wood,STRIPPED_WOOD_FIREPROOF
forestry:lime_fireproof_stripped_wood,STRIPPED_WOOD_FIREPROOF
forestry:chestnut_fireproof_stripped_wood,STRIPPED_WOOD_FIREPROOF
forestry:wenge_fireproof_stripped_wood,STRIPPED_WOOD_FIREPROOF
forestry:baobab_fireproof_stripped_wood,STRIPPED_WOOD_FIREPROOF
forestry:sequoia_fireproof_stripped_wood,STRIPPED_WOOD_FIREPROOF
forestry:kapok_fireproof_stripped_wood,STRIPPED_WOOD_FIREPROOF
forestry:ebony_fireproof_stripped_wood,STRIPPED_WOOD_FIREPROOF
forestry:elm_fireproof_stripped_wood,STRIPPED_WOOD_FIREPROOF
forestry:mahogany_fireproof_stripped_wood,STRIPPED_WOOD_FIREPROOF
forestry:balsa_fireproof_stripped_wood,STRIPPED_WOOD_FIREPROOF
forestry:willow_fireproof_stripped_wood,STRIPPED_WOOD_FIREPROOF
forestry:walnut_fireproof_stripped_wood,STRIPPED_WOOD_FIREPROOF
forestry:greenheart_fireproof_stripped_wood,STRIPPED_WOOD_FIREPROOF
forestry:hill_cherry_fireproof_stripped_wood,STRIPPED_WOOD_FIREPROOF
forestry:mahoe_fireproof_stripped_wood,STRIPPED_WOOD_FIREPROOF
forestry:poplar_fireproof_stripped_wood,STRIPPED_WOOD_FIREPROOF
forestry:palm_fireproof_stripped_wood,STRIPPED_WOOD_FIREPROOF
forestry:papaya_fireproof_stripped_wood,STRIPPED_WOOD_FIREPROOF
forestry:pine_fireproof_stripped_wood,STRIPPED_WOOD_FIREPROOF
forestry:plum_fireproof_stripped_wood,STRIPPED_WOOD_FIREPROOF
forestry:maple_fireproof_stripped_wood,STRIPPED_WOOD_FIREPROOF
forestry:citrus_fireproof_stripped_wood,STRIPPED_WOOD_FIREPROOF
forestry:giganteum_fireproof_stripped_wood,STRIPPED_WOOD_FIREPROOF
forestry:ipe_fireproof_stripped_wood,STRIPPED_WOOD_FIREPROOF
forestry:padauk_fireproof_stripped_wood,STRIPPED_WOOD_FIREPROOF
forestry:cocobolo_fireproof_stripped_wood,STRIPPED_WOOD_FIREPROOF
forestry:fir_fireproof_stripped_wood,STRIPPED_WOOD_FIREPROOF
forestry:coconut_fireproof_stripped_wood,STRIPPED_WOOD_FIREPROOF
forestry:beech_fireproof_stripped_wood,STRIPPED_WOOD_FIREPROOF
forestry:feijoa_fireproof_stripped_wood,STRIPPED_WOOD_FIREPROOF
forestry:dogwood_fireproof_stripped_wood,STRIPPED_WOOD_FIREPROOF
forestry:ginkgo_fireproof_stripped_wood,STRIPPED_WOOD_FIREPROOF
forestry:jacaranda_fireproof_stripped_wood,STRIPPED_WOOD_FIREPROOF
forestry:pewen_fireproof_stripped_wood,STRIPPED_WOOD_FIREPROOF
forestry:macrocarpa_fireproof_stripped_wood,STRIPPED_WOOD_FIREPROOF
forestry:olive_fireproof_stripped_wood,STRIPPED_WOOD_FIREPROOF
forestry:orange_fireproof_stripped_wood,STRIPPED_WOOD_FIREPROOF
forestry:pear_fireproof_stripped_wood,STRIPPED_WOOD_FIREPROOF
forestry:kauri_fireproof_stripped_wood,STRIPPED_WOOD_FIREPROOF
forestry:zebrawood_fireproof_stripped_wood,STRIPPED_WOOD_FIREPROOF
forestry:larch_planks,PLANKS
forestry:teak_planks,PLANKS
forestry:acacia_desert_planks,PLANKS
forestry:lime_planks,PLANKS
forestry:chestnut_planks,PLANKS
forestry:wenge_planks,PLANKS
forestry:baobab_planks,PLANKS
forestry:sequoia_planks,PLANKS
forestry:kapok_planks,PLANKS
forestry:ebony_planks,PLANKS
forestry:elm_planks,PLANKS
forestry:mahogany_planks,PLANKS
forestry:balsa_planks,PLANKS
forestry:willow_planks,PLANKS
forestry:walnut_planks,PLANKS
forestry:greenheart_planks,PLANKS
forestry:hill_cherry_planks,PLANKS
forestry:mahoe_planks,PLANKS
forestry:poplar_planks,PLANKS
forestry:palm_planks,PLANKS
forestry:papaya_planks,PLANKS
forestry:pine_planks,PLANKS
forestry:plum_planks,PLANKS
forestry:maple_planks,PLANKS
forestry:citrus_planks,PLANKS
forestry:giganteum_planks,PLANKS
forestry:ipe_planks,PLANKS
forestry:padauk_planks,PLANKS
forestry:cocobolo_planks,PLANKS
forestry:fir_planks,PLANKS
forestry:coconut_planks,PLANKS
forestry:beech_planks,PLANKS
forestry:feijoa_planks,PLANKS
forestry:dogwood_planks,PLANKS
forestry:ginkgo_planks,PLANKS
forestry:jacaranda_planks,PLANKS
forestry:pewen_planks,PLANKS
forestry:macrocarpa_planks,PLANKS
forestry:olive_planks,PLANKS
forestry:orange_planks,PLANKS
forestry:pear_planks,PLANKS
forestry:kauri_planks,PLANKS
forestry:zebrawood_planks,PLANKS
forestry:larch_fireproof_planks,PLANKS_FIREPROOF
forestry:teak_fireproof_planks,PLANKS_FIREPROOF
forestry:acacia_desert_fireproof_planks,PLANKS_FIREPROOF
forestry:lime_fireproof_planks,PLANKS_FIREPROOF
forestry:chestnut_fireproof_planks,PLANKS_FIREPROOF
forestry:wenge_fireproof_planks,PLANKS_FIREPROOF
forestry:baobab_fireproof_planks,PLANKS_FIREPROOF
forestry:sequoia_fireproof_planks,PLANKS_FIREPROOF
forestry:kapok_fireproof_planks,PLANKS_FIREPROOF
forestry:ebony_fireproof_planks,PLANKS_FIREPROOF
forestry:elm_fireproof_planks,PLANKS_FIREPROOF
forestry:mahogany_fireproof_planks,PLANKS_FIREPROOF
forestry:balsa_fireproof_planks,PLANKS_FIREPROOF
forestry:willow_fireproof_planks,PLANKS_FIREPROOF
forestry:walnut_fireproof_planks,PLANKS_FIREPROOF
forestry:greenheart_fireproof_planks,PLANKS_FIREPROOF
forestry:hill_cherry_fireproof_planks,PLANKS_FIREPROOF
forestry:mahoe_fireproof_planks,PLANKS_FIREPROOF
forestry:poplar_fireproof_planks,PLANKS_FIREPROOF
forestry:palm_fireproof_planks,PLANKS_FIREPROOF
forestry:papaya_fireproof_planks,PLANKS_FIREPROOF
forestry:pine_fireproof_planks,PLANKS_FIREPROOF
forestry:plum_fireproof_planks,PLANKS_FIREPROOF
forestry:maple_fireproof_planks,PLANKS_FIREPROOF
forestry:citrus_fireproof_planks,PLANKS_FIREPROOF
forestry:giganteum_fireproof_planks,PLANKS_FIREPROOF
forestry:ipe_fireproof_planks,PLANKS_FIREPROOF
forestry:padauk_fireproof_planks,PLANKS_FIREPROOF
forestry:cocobolo_fireproof_planks,PLANKS_FIREPROOF
forestry:fir_fireproof_planks,PLANKS_FIREPROOF
forestry:coconut_fireproof_planks,PLANKS_FIREPROOF
forestry:beech_fireproof_planks,PLANKS_FIREPROOF
forestry:feijoa_fireproof_planks,PLANKS_FIREPROOF
forestry:dogwood_fireproof_planks,PLANKS_FIREPROOF
forestry:ginkgo_fireproof_planks,PLANKS_FIREPROOF
forestry:jacaranda_fireproof_planks,PLANKS_FIREPROOF
forestry:pewen_fireproof_planks,PLANKS_FIREPROOF
forestry:macrocarpa_fireproof_planks,PLANKS_FIREPROOF
forestry:olive_fireproof_planks,PLANKS_FIREPROOF
forestry:orange_fireproof_planks,PLANKS_FIREPROOF
forestry:pear_fireproof_planks,PLANKS_FIREPROOF
forestry:kauri_fireproof_planks,PLANKS_FIREPROOF
forestry:zebrawood_fireproof_planks,PLANKS_FIREPROOF
forestry:oak_fireproof_planks,PLANKS_VANILLA_FIREPROOF
forestry:spruce_fireproof_planks,PLANKS_VANILLA_FIREPROOF
forestry:birch_fireproof_planks,PLANKS_VANILLA_FIREPROOF
forestry:jungle_fireproof_planks,PLANKS_VANILLA_FIREPROOF
forestry:acacia_fireproof_planks,PLANKS_VANILLA_FIREPROOF
forestry:dark_oak_fireproof_planks,PLANKS_VANILLA_FIREPROOF
forestry:cherry_fireproof_planks,PLANKS_VANILLA_FIREPROOF
forestry:larch_slab,SLABS
forestry:teak_slab,SLABS
forestry:acacia_desert_slab,SLABS
forestry:lime_slab,SLABS
forestry:chestnut_slab,SLABS
forestry:wenge_slab,SLABS
forestry:baobab_slab,SLABS
forestry:sequoia_slab,SLABS
forestry:kapok_slab,SLABS
forestry:ebony_slab,SLABS
forestry:elm_slab,SLABS
forestry:mahogany_slab,SLABS
forestry:balsa_slab,SLABS
forestry:willow_slab,SLABS
forestry:walnut_slab,SLABS
forestry:greenheart_slab,SLABS
forestry:hill_cherry_slab,SLABS
forestry:mahoe_slab,SLABS
forestry:poplar_slab,SLABS
forestry:palm_slab,SLABS
forestry:papaya_slab,SLABS
forestry:pine_slab,SLABS
forestry:plum_slab,SLABS
forestry:maple_slab,SLABS
forestry:citrus_slab,SLABS
forestry:giganteum_slab,SLABS
forestry:ipe_slab,SLABS
forestry:padauk_slab,SLABS
forestry:cocobolo_slab,SLABS
forestry:fir_slab,SLABS
forestry:coconut_slab,SLABS
forestry:beech_slab,SLABS
forestry:feijoa_slab,SLABS
forestry:dogwood_slab,SLABS
forestry:ginkgo_slab,SLABS
forestry:jacaranda_slab,SLABS
forestry:pewen_slab,SLABS
forestry:macrocarpa_slab,SLABS
forestry:olive_slab,SLABS
forestry:orange_slab,SLABS
forestry:pear_slab,SLABS
forestry:kauri_slab,SLABS
forestry:zebrawood_slab,SLABS
forestry:larch_fireproof_slab,SLABS_FIREPROOF
forestry:teak_fireproof_slab,SLABS_FIREPROOF
forestry:acacia_desert_fireproof_slab,SLABS_FIREPROOF
forestry:lime_fireproof_slab,SLABS_FIREPROOF
forestry:chestnut_fireproof_slab,SLABS_FIREPROOF
forestry:wenge_fireproof_slab,SLABS_FIREPROOF
forestry:baobab_fireproof_slab,SLABS_FIREPROOF
forestry:sequoia_fireproof_slab,SLABS_FIREPROOF
forestry:kapok_fireproof_slab,SLABS_FIREPROOF
forestry:ebony_fireproof_slab,SLABS_FIREPROOF
forestry:elm_fireproof_slab,SLABS_FIREPROOF
forestry:mahogany_fireproof_slab,SLABS_FIREPROOF
forestry:balsa_fireproof_slab,SLABS_FIREPROOF
forestry:willow_fireproof_slab,SLABS_FIREPROOF
forestry:walnut_fireproof_slab,SLABS_FIREPROOF
forestry:greenheart_fireproof_slab,SLABS_FIREPROOF
forestry:hill_cherry_fireproof_slab,SLABS_FIREPROOF
forestry:mahoe_fireproof_slab,SLABS_FIREPROOF
forestry:poplar_fireproof_slab,SLABS_FIREPROOF
forestry:palm_fireproof_slab,SLABS_FIREPROOF
forestry:papaya_fireproof_slab,SLABS_FIREPROOF
forestry:pine_fireproof_slab,SLABS_FIREPROOF
forestry:plum_fireproof_slab,SLABS_FIREPROOF
forestry:maple_fireproof_slab,SLABS_FIREPROOF
forestry:citrus_fireproof_slab,SLABS_FIREPROOF
forestry:giganteum_fireproof_slab,SLABS_FIREPROOF
forestry:ipe_fireproof_slab,SLABS_FIREPROOF
forestry:padauk_fireproof_slab,SLABS_FIREPROOF
forestry:cocobolo_fireproof_slab,SLABS_FIREPROOF
forestry:fir_fireproof_slab,SLABS_FIREPROOF
forestry:coconut_fireproof_slab,SLABS_FIREPROOF
forestry:beech_fireproof_slab,SLABS_FIREPROOF
forestry:feijoa_fireproof_slab,SLABS_FIREPROOF
forestry:dogwood_fireproof_slab,SLABS_FIREPROOF
forestry:ginkgo_fireproof_slab,SLABS_FIREPROOF
forestry:jacaranda_fireproof_slab,SLABS_FIREPROOF
forestry:pewen_fireproof_slab,SLABS_FIREPROOF
forestry:macrocarpa_fireproof_slab,SLABS_FIREPROOF
forestry:olive_fireproof_slab,SLABS_FIREPROOF
forestry:orange_fireproof_slab,SLABS_FIREPROOF
forestry:pear_fireproof_slab,SLABS_FIREPROOF
forestry:kauri_fireproof_slab,SLABS_FIREPROOF
forestry:zebrawood_fireproof_slab,SLABS_FIREPROOF
forestry:oak_fireproof_slab,SLABS_VANILLA_FIREPROOF
forestry:spruce_fireproof_slab,SLABS_VANILLA_FIREPROOF
forestry:birch_fireproof_slab,SLABS_VANILLA_FIREPROOF
forestry:jungle_fireproof_slab,SLABS_VANILLA_FIREPROOF
forestry:acacia_fireproof_slab,SLABS_VANILLA_FIREPROOF
forestry:dark_oak_fireproof_slab,SLABS_VANILLA_FIREPROOF
forestry:cherry_fireproof_slab,SLABS_VANILLA_FIREPROOF
forestry:larch_fence,FENCES
forestry:teak_fence,FENCES
forestry:acacia_desert_fence,FENCES
forestry:lime_fence,FENCES
forestry:chestnut_fence,FENCES
forestry:wenge_fence,FENCES
forestry:baobab_fence,FENCES
forestry:sequoia_fence,FENCES
forestry:kapok_fence,FENCES
forestry:ebony_fence,FENCES
forestry:elm_fence,FENCES
forestry:mahogany_fence,FENCES
forestry:balsa_fence,FENCES
forestry:willow_fence,FENCES
forestry:walnut_fence,FENCES
forestry:greenheart_fence,FENCES
forestry:hill_cherry_fence,FENCES
forestry:mahoe_fence,FENCES
forestry:poplar_fence,FENCES
forestry:palm_fence,FENCES
forestry:papaya_fence,FENCES
forestry:pine_fence,FENCES
forestry:plum_fence,FENCES
forestry:maple_fence,FENCES
forestry:citrus_fence,FENCES
forestry:giganteum_fence,FENCES
forestry:ipe_fence,FENCES
forestry:padauk_fence,FENCES
forestry:cocobolo_fence,FENCES
forestry:fir_fence,FENCES
forestry:coconut_fence,FENCES
forestry:beech_fence,FENCES
forestry:feijoa_fence,FENCES
forestry:dogwood_fence,FENCES
forestry:ginkgo_fence,FENCES
forestry:jacaranda_fence,FENCES
forestry:pewen_fence,FENCES
forestry:macrocarpa_fence,FENCES
forestry:olive_fence,FENCES
forestry:orange_fence,FENCES
forestry:pear_fence,FENCES
forestry:kauri_fence,FENCES
forestry:zebrawood_fence,FENCES
forestry:larch_fireproof_fence,FENCES_FIREPROOF
forestry:teak_fireproof_fence,FENCES_FIREPROOF
forestry:acacia_desert_fireproof_fence,FENCES_FIREPROOF
forestry:lime_fireproof_fence,FENCES_FIREPROOF
forestry:chestnut_fireproof_fence,FENCES_FIREPROOF
forestry:wenge_fireproof_fence,FENCES_FIREPROOF
forestry:baobab_fireproof_fence,FENCES_FIREPROOF
forestry:sequoia_fireproof_fence,FENCES_FIREPROOF
forestry:kapok_fireproof_fence,FENCES_FIREPROOF
forestry:ebony_fireproof_fence,FENCES_FIREPROOF
forestry:elm_fireproof_fence,FENCES_FIREPROOF
forestry:mahogany_fireproof_fence,FENCES_FIREPROOF
forestry:balsa_fireproof_fence,FENCES_FIREPROOF
forestry:willow_fireproof_fence,FENCES_FIREPROOF
forestry:walnut_fireproof_fence,FENCES_FIREPROOF
forestry:greenheart_fireproof_fence,FENCES_FIREPROOF
forestry:hill_cherry_fireproof_fence,FENCES_FIREPROOF
forestry:mahoe_fireproof_fence,FENCES_FIREPROOF
forestry:poplar_fireproof_fence,FENCES_FIREPROOF
forestry:palm_fireproof_fence,FENCES_FIREPROOF
forestry:papaya_fireproof_fence,FENCES_FIREPROOF
forestry:pine_fireproof_fence,FENCES_FIREPROOF
forestry:plum_fireproof_fence,FENCES_FIREPROOF
forestry:maple_fireproof_fence,FENCES_FIREPROOF
forestry:citrus_fireproof_fence,FENCES_FIREPROOF
forestry:giganteum_fireproof_fence,FENCES_FIREPROOF
forestry:ipe_fireproof_fence,FENCES_FIREPROOF
forestry:padauk_fireproof_fence,FENCES_FIREPROOF
forestry:cocobolo_fireproof_fence,FENCES_FIREPROOF
forestry:fir_fireproof_fence,FENCES_FIREPROOF
forestry:coconut_fireproof_fence,FENCES_FIREPROOF
forestry:beech_fireproof_fence,FENCES_FIREPROOF
forestry:feijoa_fireproof_fence,FENCES_FIREPROOF
forestry:dogwood_fireproof_fence,FENCES_FIREPROOF
forestry:ginkgo_fireproof_fence,FENCES_FIREPROOF
forestry:jacaranda_fireproof_fence,FENCES_FIREPROOF
forestry:pewen_fireproof_fence,FENCES_FIREPROOF
forestry:macrocarpa_fireproof_fence,FENCES_FIREPROOF
forestry:olive_fireproof_fence,FENCES_FIREPROOF
forestry:orange_fireproof_fence,FENCES_FIREPROOF
forestry:pear_fireproof_fence,FENCES_FIREPROOF
forestry:kauri_fireproof_fence,FENCES_FIREPROOF
forestry:zebrawood_fireproof_fence,FENCES_FIREPROOF
forestry:oak_fireproof_fence,FENCES_VANILLA_FIREPROOF
forestry:spruce_fireproof_fence,FENCES_VANILLA_FIREPROOF
forestry:birch_fireproof_fence,FENCES_VANILLA_FIREPROOF
forestry:jungle_fireproof_fence,FENCES_VANILLA_FIREPROOF
forestry:acacia_fireproof_fence,FENCES_VANILLA_FIREPROOF
forestry:dark_oak_fireproof_fence,FENCES_VANILLA_FIREPROOF
forestry:cherry_fireproof_fence,FENCES_VANILLA_FIREPROOF
forestry:larch_fence_gate,FENCE_GATES
forestry:teak_fence_gate,FENCE_GATES
forestry:acacia_desert_fence_gate,FENCE_GATES
forestry:lime_fence_gate,FENCE_GATES
forestry:chestnut_fence_gate,FENCE_GATES
forestry:wenge_fence_gate,FENCE_GATES
forestry:baobab_fence_gate,FENCE_GATES
forestry:sequoia_fence_gate,FENCE_GATES
forestry:kapok_fence_gate,FENCE_GATES
forestry:ebony_fence_gate,FENCE_GATES
forestry:elm_fence_gate,FENCE_GATES
forestry:mahogany_fence_gate,FENCE_GATES
forestry:balsa_fence_gate,FENCE_GATES
forestry:willow_fence_gate,FENCE_GATES
forestry:walnut_fence_gate,FENCE_GATES
forestry:greenheart_fence_gate,FENCE_GATES
forestry:hill_cherry_fence_gate,FENCE_GATES
forestry:mahoe_fence_gate,FENCE_GATES
forestry:poplar_fence_gate,FENCE_GATES
forestry:palm_fence_gate,FENCE_GATES
forestry:papaya_fence_gate,FENCE_GATES
forestry:pine_fence_gate,FENCE_GATES
forestry:plum_fence_gate,FENCE_GATES
forestry:maple_fence_gate,FENCE_GATES
forestry:citrus_fence_gate,FENCE_GATES
forestry:giganteum_fence_gate,FENCE_GATES
forestry:ipe_fence_gate,FENCE_GATES
forestry:padauk_fence_gate,FENCE_GATES
forestry:cocobolo_fence_gate,FENCE_GATES
forestry:fir_fence_gate,FENCE_GATES
forestry:coconut_fence_gate,FENCE_GATES
forestry:beech_fence_gate,FENCE_GATES
forestry:feijoa_fence_gate,FENCE_GATES
forestry:dogwood_fence_gate,FENCE_GATES
forestry:ginkgo_fence_gate,FENCE_GATES
forestry:jacaranda_fence_gate,FENCE_GATES
forestry:pewen_fence_gate,FENCE_GATES
forestry:macrocarpa_fence_gate,FENCE_GATES
forestry:olive_fence_gate,FENCE_GATES
forestry:orange_fence_gate,FENCE_GATES
forestry:pear_fence_gate,FENCE_GATES
forestry:kauri_fence_gate,FENCE_GATES
forestry:zebrawood_fence_gate,FENCE_GATES
forestry:larch_fireproof_fence_gate,FENCE_GATES_FIREPROOF
forestry:teak_fireproof_fence_gate,FENCE_GATES_FIREPROOF
forestry:acacia_desert_fireproof_fence_gate,FENCE_GATES_FIREPROOF
forestry:lime_fireproof_fence_gate,FENCE_GATES_FIREPROOF
forestry:chestnut_fireproof_fence_gate,FENCE_GATES_FIREPROOF
forestry:wenge_fireproof_fence_gate,FENCE_GATES_FIREPROOF
forestry:baobab_fireproof_fence_gate,FENCE_GATES_FIREPROOF
forestry:sequoia_fireproof_fence_gate,FENCE_GATES_FIREPROOF
forestry:kapok_fireproof_fence_gate,FENCE_GATES_FIREPROOF
forestry:ebony_fireproof_fence_gate,FENCE_GATES_FIREPROOF
forestry:elm_fireproof_fence_gate,FENCE_GATES_FIREPROOF
forestry:mahogany_fireproof_fence_gate,FENCE_GATES_FIREPROOF
forestry:balsa_fireproof_fence_gate,FENCE_GATES_FIREPROOF
forestry:willow_fireproof_fence_gate,FENCE_GATES_FIREPROOF
forestry:walnut_fireproof_fence_gate,FENCE_GATES_FIREPROOF
forestry:greenheart_fireproof_fence_gate,FENCE_GATES_FIREPROOF
forestry:hill_cherry_fireproof_fence_gate,FENCE_GATES_FIREPROOF
forestry:mahoe_fireproof_fence_gate,FENCE_GATES_FIREPROOF
forestry:poplar_fireproof_fence_gate,FENCE_GATES_FIREPROOF
forestry:palm_fireproof_fence_gate,FENCE_GATES_FIREPROOF
forestry:papaya_fireproof_fence_gate,FENCE_GATES_FIREPROOF
forestry:pine_fireproof_fence_gate,FENCE_GATES_FIREPROOF
forestry:plum_fireproof_fence_gate,FENCE_GATES_FIREPROOF
forestry:maple_fireproof_fence_gate,FENCE_GATES_FIREPROOF
forestry:citrus_fireproof_fence_gate,FENCE_GATES_FIREPROOF
forestry:giganteum_fireproof_fence_gate,FENCE_GATES_FIREPROOF
forestry:ipe_fireproof_fence_gate,FENCE_GATES_FIREPROOF
forestry:padauk_fireproof_fence_gate,FENCE_GATES_FIREPROOF
forestry:cocobolo_fireproof_fence_gate,FENCE_GATES_FIREPROOF
forestry:fir_fireproof_fence_gate,FENCE_GATES_FIREPROOF
forestry:coconut_fireproof_fence_gate,FENCE_GATES_FIREPROOF
forestry:beech_fireproof_fence_gate,FENCE_GATES_FIREPROOF
forestry:feijoa_fireproof_fence_gate,FENCE_GATES_FIREPROOF
forestry:dogwood_fireproof_fence_gate,FENCE_GATES_FIREPROOF
forestry:ginkgo_fireproof_fence_gate,FENCE_GATES_FIREPROOF
forestry:jacaranda_fireproof_fence_gate,FENCE_GATES_FIREPROOF
forestry:pewen_fireproof_fence_gate,FENCE_GATES_FIREPROOF
forestry:macrocarpa_fireproof_fence_gate,FENCE_GATES_FIREPROOF
forestry:olive_fireproof_fence_gate,FENCE_GATES_FIREPROOF
forestry:orange_fireproof_fence_gate,FENCE_GATES_FIREPROOF
forestry:pear_fireproof_fence_gate,FENCE_GATES_FIREPROOF
forestry:kauri_fireproof_fence_gate,FENCE_GATES_FIREPROOF
forestry:zebrawood_fireproof_fence_gate,FENCE_GATES_FIREPROOF
forestry:oak_fireproof_fence_gate,FENCE_GATES_VANILLA_FIREPROOF
forestry:spruce_fireproof_fence_gate,FENCE_GATES_VANILLA_FIREPROOF
forestry:birch_fireproof_fence_gate,FENCE_GATES_VANILLA_FIREPROOF
forestry:jungle_fireproof_fence_gate,FENCE_GATES_VANILLA_FIREPROOF
forestry:acacia_fireproof_fence_gate,FENCE_GATES_VANILLA_FIREPROOF
forestry:dark_oak_fireproof_fence_gate,FENCE_GATES_VANILLA_FIREPROOF
forestry:cherry_fireproof_fence_gate,FENCE_GATES_VANILLA_FIREPROOF
forestry:larch_stairs,STAIRS
forestry:teak_stairs,STAIRS
forestry:acacia_desert_stairs,STAIRS
forestry:lime_stairs,STAIRS
forestry:chestnut_stairs,STAIRS
forestry:wenge_stairs,STAIRS
forestry:baobab_stairs,STAIRS
forestry:sequoia_stairs,STAIRS
forestry:kapok_stairs,STAIRS
forestry:ebony_stairs,STAIRS
forestry:elm_stairs,STAIRS
forestry:mahogany_stairs,STAIRS
forestry:balsa_stairs,STAIRS
forestry:willow_stairs,STAIRS
forestry:walnut_stairs,STAIRS
forestry:greenheart_stairs,STAIRS
forestry:hill_cherry_stairs,STAIRS
forestry:mahoe_stairs,STAIRS
forestry:poplar_stairs,STAIRS
forestry:palm_stairs,STAIRS
forestry:papaya_stairs,STAIRS
forestry:pine_stairs,STAIRS
forestry:plum_stairs,STAIRS
forestry:maple_stairs,STAIRS
forestry:citrus_stairs,STAIRS
forestry:giganteum_stairs,STAIRS
forestry:ipe_stairs,STAIRS
forestry:padauk_stairs,STAIRS
forestry:cocobolo_stairs,STAIRS
forestry:fir_stairs,STAIRS
forestry:coconut_stairs,STAIRS
forestry:beech_stairs,STAIRS
forestry:feijoa_stairs,STAIRS
forestry:dogwood_stairs,STAIRS
forestry:ginkgo_stairs,STAIRS
forestry:jacaranda_stairs,STAIRS
forestry:pewen_stairs,STAIRS
forestry:macrocarpa_stairs,STAIRS
forestry:olive_stairs,STAIRS
forestry:orange_stairs,STAIRS
forestry:pear_stairs,STAIRS
forestry:kauri_stairs,STAIRS
forestry:zebrawood_stairs,STAIRS
forestry:larch_fireproof_stairs,STAIRS_FIREPROOF
forestry:teak_fireproof_stairs,STAIRS_FIREPROOF
forestry:acacia_desert_fireproof_stairs,STAIRS_FIREPROOF
forestry:lime_fireproof_stairs,STAIRS_FIREPROOF
forestry:chestnut_fireproof_stairs,STAIRS_FIREPROOF
forestry:wenge_fireproof_stairs,STAIRS_FIREPROOF
forestry:baobab_fireproof_stairs,STAIRS_FIREPROOF
forestry:sequoia_fireproof_stairs,STAIRS_FIREPROOF
forestry:kapok_fireproof_stairs,STAIRS_FIREPROOF
forestry:ebony_fireproof_stairs,STAIRS_FIREPROOF
forestry:elm_fireproof_stairs,STAIRS_FIREPROOF
forestry:mahogany_fireproof_stairs,STAIRS_FIREPROOF
forestry:balsa_fireproof_stairs,STAIRS_FIREPROOF
forestry:willow_fireproof_stairs,STAIRS_FIREPROOF
forestry:walnut_fireproof_stairs,STAIRS_FIREPROOF
forestry:greenheart_fireproof_stairs,STAIRS_FIREPROOF
forestry:hill_cherry_fireproof_stairs,STAIRS_FIREPROOF
forestry:mahoe_fireproof_stairs,STAIRS_FIREPROOF
forestry:poplar_fireproof_stairs,STAIRS_FIREPROOF
forestry:palm_fireproof_stairs,STAIRS_FIREPROOF
forestry:papaya_fireproof_stairs,STAIRS_FIREPROOF
forestry:pine_fireproof_stairs,STAIRS_FIREPROOF
forestry:plum_fireproof_stairs,STAIRS_FIREPROOF
forestry:maple_fireproof_stairs,STAIRS_FIREPROOF
forestry:citrus_fireproof_stairs,STAIRS_FIREPROOF
forestry:giganteum_fireproof_stairs,STAIRS_FIREPROOF
forestry:ipe_fireproof_stairs,STAIRS_FIREPROOF
forestry:padauk_fireproof_stairs,STAIRS_FIREPROOF
forestry:cocobolo_fireproof_stairs,STAIRS_FIREPROOF
forestry:fir_fireproof_stairs,STAIRS_FIREPROOF
forestry:coconut_fireproof_stairs,STAIRS_FIREPROOF
forestry:beech_fireproof_stairs,STAIRS_FIREPROOF
forestry:feijoa_fireproof_stairs,STAIRS_FIREPROOF
forestry:dogwood_fireproof_stairs,STAIRS_FIREPROOF
forestry:ginkgo_fireproof_stairs,STAIRS_FIREPROOF
forestry:jacaranda_fireproof_stairs,STAIRS_FIREPROOF
forestry:pewen_fireproof_stairs,STAIRS_FIREPROOF
forestry:macrocarpa_fireproof_stairs,STAIRS_FIREPROOF
forestry:olive_fireproof_stairs,STAIRS_FIREPROOF
forestry:orange_fireproof_stairs,STAIRS_FIREPROOF
forestry:pear_fireproof_stairs,STAIRS_FIREPROOF
forestry:kauri_fireproof_stairs,STAIRS_FIREPROOF
forestry:zebrawood_fireproof_stairs,STAIRS_FIREPROOF
forestry:oak_fireproof_stairs,STAIRS_VANILLA_FIREPROOF
forestry:spruce_fireproof_stairs,STAIRS_VANILLA_FIREPROOF
forestry:birch_fireproof_stairs,STAIRS_VANILLA_FIREPROOF
forestry:jungle_fireproof_stairs,STAIRS_VANILLA_FIREPROOF
forestry:acacia_fireproof_stairs,STAIRS_VANILLA_FIREPROOF
forestry:dark_oak_fireproof_stairs,STAIRS_VANILLA_FIREPROOF
forestry:cherry_fireproof_stairs,STAIRS_VANILLA_FIREPROOF
forestry:larch_door,DOORS
forestry:teak_door,DOORS
forestry:acacia_desert_door,DOORS
forestry:lime_door,DOORS
forestry:chestnut_door,DOORS
forestry:wenge_door,DOORS
forestry:baobab_door,DOORS
forestry:sequoia_door,DOORS
forestry:kapok_door,DOORS
forestry:ebony_door,DOORS
forestry:elm_door,DOORS
forestry:mahogany_door,DOORS
forestry:balsa_door,DOORS
forestry:willow_door,DOORS
forestry:walnut_door,DOORS
forestry:greenheart_door,DOORS
forestry:hill_cherry_door,DOORS
forestry:mahoe_door,DOORS
forestry:poplar_door,DOORS
forestry:palm_door,DOORS
forestry:papaya_door,DOORS
forestry:pine_door,DOORS
forestry:plum_door,DOORS
forestry:maple_door,DOORS
forestry:citrus_door,DOORS
forestry:giganteum_door,DOORS
forestry:ipe_door,DOORS
forestry:padauk_door,DOORS
forestry:cocobolo_door,DOORS
forestry:fir_door,DOORS
forestry:coconut_door,DOORS
forestry:beech_door,DOORS
forestry:feijoa_door,DOORS
forestry:dogwood_door,DOORS
forestry:ginkgo_door,DOORS
forestry:jacaranda_door,DOORS
forestry:pewen_door,DOORS
forestry:macrocarpa_door,DOORS
forestry:olive_door,DOORS
forestry:orange_door,DOORS
forestry:pear_door,DOORS
forestry:kauri_door,DOORS
forestry:zebrawood_door,DOORS
forestry:larch_trapdoor,TRAPDOORS
forestry:teak_trapdoor,TRAPDOORS
forestry:acacia_desert_trapdoor,TRAPDOORS
forestry:lime_trapdoor,TRAPDOORS
forestry:chestnut_trapdoor,TRAPDOORS
forestry:wenge_trapdoor,TRAPDOORS
forestry:baobab_trapdoor,TRAPDOORS
forestry:sequoia_trapdoor,TRAPDOORS
forestry:kapok_trapdoor,TRAPDOORS
forestry:ebony_trapdoor,TRAPDOORS
forestry:elm_trapdoor,TRAPDOORS
forestry:mahogany_trapdoor,TRAPDOORS
forestry:balsa_trapdoor,TRAPDOORS
forestry:willow_trapdoor,TRAPDOORS
forestry:walnut_trapdoor,TRAPDOORS
forestry:greenheart_trapdoor,TRAPDOORS
forestry:hill_cherry_trapdoor,TRAPDOORS
forestry:mahoe_trapdoor,TRAPDOORS
forestry:poplar_trapdoor,TRAPDOORS
forestry:palm_trapdoor,TRAPDOORS
forestry:papaya_trapdoor,TRAPDOORS
forestry:pine_trapdoor,TRAPDOORS
forestry:plum_trapdoor,TRAPDOORS
forestry:maple_trapdoor,TRAPDOORS
forestry:citrus_trapdoor,TRAPDOORS
forestry:giganteum_trapdoor,TRAPDOORS
forestry:ipe_trapdoor,TRAPDOORS
forestry:padauk_trapdoor,TRAPDOORS
forestry:cocobolo_trapdoor,TRAPDOORS
forestry:fir_trapdoor,TRAPDOORS
forestry:coconut_trapdoor,TRAPDOORS
forestry:beech_trapdoor,TRAPDOORS
forestry:feijoa_trapdoor,TRAPDOORS
forestry:dogwood_trapdoor,TRAPDOORS
forestry:ginkgo_trapdoor,TRAPDOORS
forestry:jacaranda_trapdoor,TRAPDOORS
forestry:pewen_trapdoor,TRAPDOORS
forestry:macrocarpa_trapdoor,TRAPDOORS
forestry:olive_trapdoor,TRAPDOORS
forestry:orange_trapdoor,TRAPDOORS
forestry:pear_trapdoor,TRAPDOORS
forestry:kauri_trapdoor,TRAPDOORS
forestry:zebrawood_trapdoor,TRAPDOORS
forestry:larch_button,BUTTON
forestry:teak_button,BUTTON
forestry:acacia_desert_button,BUTTON
forestry:lime_button,BUTTON
forestry:chestnut_button,BUTTON
forestry:wenge_button,BUTTON
forestry:baobab_button,BUTTON
forestry:sequoia_button,BUTTON
forestry:kapok_button,BUTTON
forestry:ebony_button,BUTTON
forestry:elm_button,BUTTON
forestry:mahogany_button,BUTTON
forestry:balsa_button,BUTTON
forestry:willow_button,BUTTON
forestry:walnut_button,BUTTON
forestry:greenheart_button,BUTTON
forestry:hill_cherry_button,BUTTON
forestry:mahoe_button,BUTTON
forestry:poplar_button,BUTTON
forestry:palm_button,BUTTON
forestry:papaya_button,BUTTON
forestry:pine_button,BUTTON
forestry:plum_button,BUTTON
forestry:maple_button,BUTTON
forestry:citrus_button,BUTTON
forestry:giganteum_button,BUTTON
forestry:ipe_button,BUTTON
forestry:padauk_button,BUTTON
forestry:cocobolo_button,BUTTON
forestry:fir_button,BUTTON
forestry:coconut_button,BUTTON
forestry:beech_button,BUTTON
forestry:feijoa_button,BUTTON
forestry:dogwood_button,BUTTON
forestry:ginkgo_button,BUTTON
forestry:jacaranda_button,BUTTON
forestry:pewen_button,BUTTON
forestry:macrocarpa_button,BUTTON
forestry:olive_button,BUTTON
forestry:orange_button,BUTTON
forestry:pear_button,BUTTON
forestry:kauri_button,BUTTON
forestry:zebrawood_button,BUTTON
forestry:larch_pressure_plate,PRESSURE_PLATE
forestry:teak_pressure_plate,PRESSURE_PLATE
forestry:acacia_desert_pressure_plate,PRESSURE_PLATE
forestry:lime_pressure_plate,PRESSURE_PLATE
forestry:chestnut_pressure_plate,PRESSURE_PLATE
forestry:wenge_pressure_plate,PRESSURE_PLATE
forestry:baobab_pressure_plate,PRESSURE_PLATE
forestry:sequoia_pressure_plate,PRESSURE_PLATE
forestry:kapok_pressure_plate,PRESSURE_PLATE
forestry:ebony_pressure_plate,PRESSURE_PLATE
forestry:elm_pressure_plate,PRESSURE_PLATE
forestry:mahogany_pressure_plate,PRESSURE_PLATE
forestry:balsa_pressure_plate,PRESSURE_PLATE
forestry:willow_pressure_plate,PRESSURE_PLATE
forestry:walnut_pressure_plate,PRESSURE_PLATE
forestry:greenheart_pressure_plate,PRESSURE_PLATE
forestry:hill_cherry_pressure_plate,PRESSURE_PLATE
forestry:mahoe_pressure_plate,PRESSURE_PLATE
forestry:poplar_pressure_plate,PRESSURE_PLATE
forestry:palm_pressure_plate,PRESSURE_PLATE
forestry:papaya_pressure_plate,PRESSURE_PLATE
forestry:pine_pressure_plate,PRESSURE_PLATE
forestry:plum_pressure_plate,PRESSURE_PLATE
forestry:maple_pressure_plate,PRESSURE_PLATE
forestry:citrus_pressure_plate,PRESSURE_PLATE
forestry:giganteum_pressure_plate,PRESSURE_PLATE
forestry:ipe_pressure_plate,PRESSURE_PLATE
forestry:padauk_pressure_plate,PRESSURE_PLATE
forestry:cocobolo_pressure_plate,PRESSURE_PLATE
forestry:fir_pressure_plate,PRESSURE_PLATE
forestry:coconut_pressure_plate,PRESSURE_PLATE
forestry:beech_pressure_plate,PRESSURE_PLATE
forestry:feijoa_pressure_plate,PRESSURE_PLATE
forestry:dogwood_pressure_plate,PRESSURE_PLATE
forestry:ginkgo_pressure_plate,PRESSURE_PLATE
forestry:jacaranda_pressure_plate,PRESSURE_PLATE
forestry:pewen_pressure_plate,PRESSURE_PLATE
forestry:macrocarpa_pressure_plate,PRESSURE_PLATE
forestry:olive_pressure_plate,PRESSURE_PLATE
forestry:orange_pressure_plate,PRESSURE_PLATE
forestry:pear_pressure_plate,PRESSURE_PLATE
forestry:kauri_pressure_plate,PRESSURE_PLATE
forestry:zebrawood_pressure_plate,PRESSURE_PLATE
forestry:larch_sign,SIGN
forestry:teak_sign,SIGN
forestry:acacia_desert_sign,SIGN
forestry:lime_sign,SIGN
forestry:chestnut_sign,SIGN
forestry:wenge_sign,SIGN
forestry:baobab_sign,SIGN
forestry:sequoia_sign,SIGN
forestry:kapok_sign,SIGN
forestry:ebony_sign,SIGN
forestry:elm_sign,SIGN
forestry:mahogany_sign,SIGN
forestry:balsa_sign,SIGN
forestry:willow_sign,SIGN
forestry:walnut_sign,SIGN
forestry:greenheart_sign,SIGN
forestry:hill_cherry_sign,SIGN
forestry:mahoe_sign,SIGN
forestry:poplar_sign,SIGN
forestry:palm_sign,SIGN
forestry:papaya_sign,SIGN
forestry:pine_sign,SIGN
forestry:plum_sign,SIGN
forestry:maple_sign,SIGN
forestry:citrus_sign,SIGN
forestry:giganteum_sign,SIGN
forestry:ipe_sign,SIGN
forestry:padauk_sign,SIGN
forestry:cocobolo_sign,SIGN
forestry:fir_sign,SIGN
forestry:coconut_sign,SIGN
forestry:beech_sign,SIGN
forestry:feijoa_sign,SIGN
forestry:dogwood_sign,SIGN
forestry:ginkgo_sign,SIGN
forestry:jacaranda_sign,SIGN
forestry:pewen_sign,SIGN
forestry:macrocarpa_sign,SIGN
forestry:olive_sign,SIGN
forestry:orange_sign,SIGN
forestry:pear_sign,SIGN
forestry:kauri_sign,SIGN
forestry:zebrawood_sign,SIGN
forestry:larch_wall_sign,WALL_SIGN
forestry:teak_wall_sign,WALL_SIGN
forestry:acacia_desert_wall_sign,WALL_SIGN
forestry:lime_wall_sign,WALL_SIGN
forestry:chestnut_wall_sign,WALL_SIGN
forestry:wenge_wall_sign,WALL_SIGN
forestry:baobab_wall_sign,WALL_SIGN
forestry:sequoia_wall_sign,WALL_SIGN
forestry:kapok_wall_sign,WALL_SIGN
forestry:ebony_wall_sign,WALL_SIGN
forestry:elm_wall_sign,WALL_SIGN
forestry:mahogany_wall_sign,WALL_SIGN
forestry:balsa_wall_sign,WALL_SIGN
forestry:willow_wall_sign,WALL_SIGN
forestry:walnut_wall_sign,WALL_SIGN
forestry:greenheart_wall_sign,WALL_SIGN
forestry:hill_cherry_wall_sign,WALL_SIGN
forestry:mahoe_wall_sign,WALL_SIGN
forestry:poplar_wall_sign,WALL_SIGN
forestry:palm_wall_sign,WALL_SIGN
forestry:papaya_wall_sign,WALL_SIGN
forestry:pine_wall_sign,WALL_SIGN
forestry:plum_wall_sign,WALL_SIGN
forestry:maple_wall_sign,WALL_SIGN
forestry:citrus_wall_sign,WALL_SIGN
forestry:giganteum_wall_sign,WALL_SIGN
forestry:ipe_wall_sign,WALL_SIGN
forestry:padauk_wall_sign,WALL_SIGN
forestry:cocobolo_wall_sign,WALL_SIGN
forestry:fir_wall_sign,WALL_SIGN
forestry:coconut_wall_sign,WALL_SIGN
forestry:beech_wall_sign,WALL_SIGN
forestry:feijoa_wall_sign,WALL_SIGN
forestry:dogwood_wall_sign,WALL_SIGN
forestry:ginkgo_wall_sign,WALL_SIGN
forestry:jacaranda_wall_sign,WALL_SIGN
forestry:pewen_wall_sign,WALL_SIGN
forestry:macrocarpa_wall_sign,WALL_SIGN
forestry:olive_wall_sign,WALL_SIGN
forestry:orange_wall_sign,WALL_SIGN
forestry:pear_wall_sign,WALL_SIGN
forestry:kauri_wall_sign,WALL_SIGN
forestry:zebrawood_wall_sign,WALL_SIGN
forestry:larch_hanging_sign,HANGING_SIGN
forestry:teak_hanging_sign,HANGING_SIGN
forestry:acacia_desert_hanging_sign,HANGING_SIGN
forestry:lime_hanging_sign,HANGING_SIGN
forestry:chestnut_hanging_sign,HANGING_SIGN
forestry:wenge_hanging_sign,HANGING_SIGN
forestry:baobab_hanging_sign,HANGING_SIGN
forestry:sequoia_hanging_sign,HANGING_SIGN
forestry:kapok_hanging_sign,HANGING_SIGN
forestry:ebony_hanging_sign,HANGING_SIGN
forestry:elm_hanging_sign,HANGING_SIGN
forestry:mahogany_hanging_sign,HANGING_SIGN
forestry:balsa_hanging_sign,HANGING_SIGN
forestry:willow_hanging_sign,HANGING_SIGN
forestry:walnut_hanging_sign,HANGING_SIGN
forestry:greenheart_hanging_sign,HANGING_SIGN
forestry:hill_cherry_hanging_sign,HANGING_SIGN
forestry:mahoe_hanging_sign,HANGING_SIGN
forestry:poplar_hanging_sign,HANGING_SIGN
forestry:palm_hanging_sign,HANGING_SIGN
forestry:papaya_hanging_sign,HANGING_SIGN
forestry:pine_hanging_sign,HANGING_SIGN
forestry:plum_hanging_sign,HANGING_SIGN
forestry:maple_hanging_sign,HANGING_SIGN
forestry:citrus_hanging_sign,HANGING_SIGN
forestry:giganteum_hanging_sign,HANGING_SIGN
forestry:ipe_hanging_sign,HANGING_SIGN
forestry:padauk_hanging_sign,HANGING_SIGN
forestry:cocobolo_hanging_sign,HANGING_SIGN
forestry:fir_hanging_sign,HANGING_SIGN
forestry:coconut_hanging_sign,HANGING_SIGN
forestry:beech_hanging_sign,HANGING_SIGN
forestry:feijoa_hanging_sign,HANGING_SIGN
forestry:dogwood_hanging_sign,HANGING_SIGN
forestry:ginkgo_hanging_sign,HANGING_SIGN
forestry:jacaranda_hanging_sign,HANGING_SIGN
forestry:pewen_hanging_sign,HANGING_SIGN
forestry:macrocarpa_hanging_sign,HANGING_SIGN
forestry:olive_hanging_sign,HANGING_SIGN
forestry:orange_hanging_sign,HANGING_SIGN
forestry:pear_hanging_sign,HANGING_SIGN
forestry:kauri_hanging_sign,HANGING_SIGN
forestry:zebrawood_hanging_sign,HANGING_SIGN
forestry:larch_wall_hanging_sign,WALL_HANGING_SIGN
forestry:teak_wall_hanging_sign,WALL_HANGING_SIGN
forestry:acacia_desert_wall_hanging_sign,WALL_HANGING_SIGN
forestry:lime_wall_hanging_sign,WALL_HANGING_SIGN
forestry:chestnut_wall_hanging_sign,WALL_HANGING_SIGN
forestry:wenge_wall_hanging_sign,WALL_HANGING_SIGN
forestry:baobab_wall_hanging_sign,WALL_HANGING_SIGN
forestry:sequoia_wall_hanging_sign,WALL_HANGING_SIGN
forestry:kapok_wall_hanging_sign,WALL_HANGING_SIGN
forestry:ebony_wall_hanging_sign,WALL_HANGING_SIGN
forestry:elm_wall_hanging_sign,WALL_HANGING_SIGN
forestry:mahogany_wall_hanging_sign,WALL_HANGING_SIGN
forestry:balsa_wall_hanging_sign,WALL_HANGING_SIGN
forestry:willow_wall_hanging_sign,WALL_HANGING_SIGN
forestry:walnut_wall_hanging_sign,WALL_HANGING_SIGN
forestry:greenheart_wall_hanging_sign,WALL_HANGING_SIGN
forestry:hill_cherry_wall_hanging_sign,WALL_HANGING_SIGN
forestry:mahoe_wall_hanging_sign,WALL_HANGING_SIGN
forestry:poplar_wall_hanging_sign,WALL_HANGING_SIGN
forestry:palm_wall_hanging_sign,WALL_HANGING_SIGN
forestry:papaya_wall_hanging_sign,WALL_HANGING_SIGN
forestry:pine_wall_hanging_sign,WALL_HANGING_SIGN
forestry:plum_wall_hanging_sign,WALL_HANGING_SIGN
forestry:maple_wall_hanging_sign,WALL_HANGING_SIGN
forestry:citrus_wall_hanging_sign,WALL_HANGING_SIGN
forestry:giganteum_wall_hanging_sign,WALL_HANGING_SIGN
forestry:ipe_wall_hanging_sign,WALL_HANGING_SIGN
forestry:padauk_wall_hanging_sign,WALL_HANGING_SIGN
forestry:cocobolo_wall_hanging_sign,WALL_HANGING_SIGN
forestry:fir_wall_hanging_sign,WALL_HANGING_SIGN
forestry:coconut_wall_hanging_sign,WALL_HANGING_SIGN
forestry:beech_wall_hanging_sign,WALL_HANGING_SIGN
forestry:feijoa_wall_hanging_sign,WALL_HANGING_SIGN
forestry:dogwood_wall_hanging_sign,WALL_HANGING_SIGN
forestry:ginkgo_wall_hanging_sign,WALL_HANGING_SIGN
forestry:jacaranda_wall_hanging_sign,WALL_HANGING_SIGN
forestry:pewen_wall_hanging_sign,WALL_HANGING_SIGN
forestry:macrocarpa_wall_hanging_sign,WALL_HANGING_SIGN
forestry:olive_wall_hanging_sign,WALL_HANGING_SIGN
forestry:orange_wall_hanging_sign,WALL_HANGING_SIGN
forestry:pear_wall_hanging_sign,WALL_HANGING_SIGN
forestry:kauri_wall_hanging_sign,WALL_HANGING_SIGN
forestry:zebrawood_wall_hanging_sign,WALL_HANGING_SIGN
forestry:oak_default_leaves,LEAVES_DEFAULT
forestry:dark_oak_default_leaves,LEAVES_DEFAULT
forestry:birch_default_leaves,LEAVES_DEFAULT
forestry:lime_default_leaves,LEAVES_DEFAULT
forestry:walnut_default_leaves,LEAVES_DEFAULT
forestry:chestnut_default_leaves,LEAVES_DEFAULT
forestry:cherry_vanilla_default_leaves,LEAVES_DEFAULT
forestry:sour_cherry_default_leaves,LEAVES_DEFAULT
forestry:lemon_default_leaves,LEAVES_DEFAULT
forestry:plum_default_leaves,LEAVES_DEFAULT
forestry:maple_default_leaves,LEAVES_DEFAULT
forestry:spruce_default_leaves,LEAVES_DEFAULT
forestry:larch_default_leaves,LEAVES_DEFAULT
forestry:pine_default_leaves,LEAVES_DEFAULT
forestry:sequoia_default_leaves,LEAVES_DEFAULT
forestry:giant_sequoia_default_leaves,LEAVES_DEFAULT
forestry:jungle_default_leaves,LEAVES_DEFAULT
forestry:teak_default_leaves,LEAVES_DEFAULT
forestry:ipe_default_leaves,LEAVES_DEFAULT
forestry:kapok_default_leaves,LEAVES_DEFAULT
forestry:ebony_default_leaves,LEAVES_DEFAULT
forestry:zebrano_default_leaves,LEAVES_DEFAULT
forestry:mahogany_default_leaves,LEAVES_DEFAULT
forestry:acacia_vanilla_default_leaves,LEAVES_DEFAULT
forestry:camelthorn_default_leaves,LEAVES_DEFAULT
forestry:padauk_default_leaves,LEAVES_DEFAULT
forestry:balsa_default_leaves,LEAVES_DEFAULT
forestry:cocobolo_default_leaves,LEAVES_DEFAULT
forestry:wenge_default_leaves,LEAVES_DEFAULT
forestry:baobab_default_leaves,LEAVES_DEFAULT
forestry:mahoe_default_leaves,LEAVES_DEFAULT
forestry:willow_default_leaves,LEAVES_DEFAULT
forestry:greenheart_default_leaves,LEAVES_DEFAULT
forestry:papaya_default_leaves,LEAVES_DEFAULT
forestry:date_default_leaves,LEAVES_DEFAULT
forestry:poplar_default_leaves,LEAVES_DEFAULT
forestry:elm_default_leaves,LEAVES_DEFAULT
forestry:fir_default_leaves,LEAVES_DEFAULT
forestry:coconut_default_leaves,LEAVES_DEFAULT
forestry:beech_default_leaves,LEAVES_DEFAULT
forestry:feijoa_default_leaves,LEAVES_DEFAULT
forestry:dogwood_default_leaves,LEAVES_DEFAULT
forestry:ginkgo_default_leaves,LEAVES_DEFAULT
forestry:jacaranda_default_leaves,LEAVES_DEFAULT
forestry:pewen_default_leaves,LEAVES_DEFAULT
forestry:macrocarpa_default_leaves,LEAVES_DEFAULT
forestry:olive_default_leaves,LEAVES_DEFAULT
forestry:orange_default_leaves,LEAVES_DEFAULT
forestry:pear_default_leaves,LEAVES_DEFAULT
forestry:kauri_default_leaves,LEAVES_DEFAULT
forestry:oak_default_leaves_fruit,LEAVES_DEFAULT_FRUIT
forestry:dark_oak_default_leaves_fruit,LEAVES_DEFAULT_FRUIT
forestry:birch_default_leaves_fruit,LEAVES_DEFAULT_FRUIT
forestry:lime_default_leaves_fruit,LEAVES_DEFAULT_FRUIT
forestry:walnut_default_leaves_fruit,LEAVES_DEFAULT_FRUIT
forestry:chestnut_default_leaves_fruit,LEAVES_DEFAULT_FRUIT
forestry:cherry_vanilla_default_leaves_fruit,LEAVES_DEFAULT_FRUIT
forestry:sour_cherry_default_leaves_fruit,LEAVES_DEFAULT_FRUIT
forestry:lemon_default_leaves_fruit,LEAVES_DEFAULT_FRUIT
forestry:plum_default_leaves_fruit,LEAVES_DEFAULT_FRUIT
forestry:maple_default_leaves_fruit,LEAVES_DEFAULT_FRUIT
forestry:spruce_default_leaves_fruit,LEAVES_DEFAULT_FRUIT
forestry:larch_default_leaves_fruit,LEAVES_DEFAULT_FRUIT
forestry:pine_default_leaves_fruit,LEAVES_DEFAULT_FRUIT
forestry:sequoia_default_leaves_fruit,LEAVES_DEFAULT_FRUIT
forestry:giant_sequoia_default_leaves_fruit,LEAVES_DEFAULT_FRUIT
forestry:jungle_default_leaves_fruit,LEAVES_DEFAULT_FRUIT
forestry:teak_default_leaves_fruit,LEAVES_DEFAULT_FRUIT
forestry:ipe_default_leaves_fruit,LEAVES_DEFAULT_FRUIT
forestry:kapok_default_leaves_fruit,LEAVES_DEFAULT_FRUIT
forestry:ebony_default_leaves_fruit,LEAVES_DEFAULT_FRUIT
forestry:zebrano_default_leaves_fruit,LEAVES_DEFAULT_FRUIT
forestry:mahogany_default_leaves_fruit,LEAVES_DEFAULT_FRUIT
forestry:acacia_vanilla_default_leaves_fruit,LEAVES_DEFAULT_FRUIT
forestry:camelthorn_default_leaves_fruit,LEAVES_DEFAULT_FRUIT
forestry:padauk_default_leaves_fruit,LEAVES_DEFAULT_FRUIT
forestry:balsa_default_leaves_fruit,LEAVES_DEFAULT_FRUIT
forestry:cocobolo_default_leaves_fruit,LEAVES_DEFAULT_FRUIT
forestry:wenge_default_leaves_fruit,LEAVES_DEFAULT_FRUIT
forestry:baobab_default_leaves_fruit,LEAVES_DEFAULT_FRUIT
forestry:mahoe_default_leaves_fruit,LEAVES_DEFAULT_FRUIT
forestry:willow_default_leaves_fruit,LEAVES_DEFAULT_FRUIT
forestry:greenheart_default_leaves_fruit,LEAVES_DEFAULT_FRUIT
forestry:papaya_default_leaves_fruit,LEAVES_DEFAULT_FRUIT
forestry:date_default_leaves_fruit,LEAVES_DEFAULT_FRUIT
forestry:poplar_default_leaves_fruit,LEAVES_DEFAULT_FRUIT
forestry:elm_default_leaves_fruit,LEAVES_DEFAULT_FRUIT
forestry:fir_default_leaves_fruit,LEAVES_DEFAULT_FRUIT
forestry:coconut_default_leaves_fruit,LEAVES_DEFAULT_FRUIT
forestry:beech_default_leaves_fruit,LEAVES_DEFAULT_FRUIT
forestry:feijoa_default_leaves_fruit,LEAVES_DEFAULT_FRUIT
forestry:dogwood_default_leaves_fruit,LEAVES_DEFAULT_FRUIT
forestry:ginkgo_default_leaves_fruit,LEAVES_DEFAULT_FRUIT
forestry:jacaranda_default_leaves_fruit,LEAVES_DEFAULT_FRUIT
forestry:pewen_default_leaves_fruit,LEAVES_DEFAULT_FRUIT
forestry:macrocarpa_default_leaves_fruit,LEAVES_DEFAULT_FRUIT
forestry:olive_default_leaves_fruit,LEAVES_DEFAULT_FRUIT
forestry:orange_default_leaves_fruit,LEAVES_DEFAULT_FRUIT
forestry:pear_default_leaves_fruit,LEAVES_DEFAULT_FRUIT
forestry:kauri_default_leaves_fruit,LEAVES_DEFAULT_FRUIT
forestry:oak_decorative_leaves,LEAVES_DECORATIVE
forestry:dark_oak_decorative_leaves,LEAVES_DECORATIVE
forestry:birch_decorative_leaves,LEAVES_DECORATIVE
forestry:lime_decorative_leaves,LEAVES_DECORATIVE
forestry:walnut_decorative_leaves,LEAVES_DECORATIVE
forestry:chestnut_decorative_leaves,LEAVES_DECORATIVE
forestry:cherry_vanilla_decorative_leaves,LEAVES_DECORATIVE
forestry:sour_cherry_decorative_leaves,LEAVES_DECORATIVE
forestry:lemon_decorative_leaves,LEAVES_DECORATIVE
forestry:plum_decorative_leaves,LEAVES_DECORATIVE
forestry:maple_decorative_leaves,LEAVES_DECORATIVE
forestry:spruce_decorative_leaves,LEAVES_DECORATIVE
forestry:larch_decorative_leaves,LEAVES_DECORATIVE
forestry:pine_decorative_leaves,LEAVES_DECORATIVE
forestry:sequoia_decorative_leaves,LEAVES_DECORATIVE
forestry:giant_sequoia_decorative_leaves,LEAVES_DECORATIVE
forestry:jungle_decorative_leaves,LEAVES_DECORATIVE
forestry:teak_decorative_leaves,LEAVES_DECORATIVE
forestry:ipe_decorative_leaves,LEAVES_DECORATIVE
forestry:kapok_decorative_leaves,LEAVES_DECORATIVE
forestry:ebony_decorative_leaves,LEAVES_DECORATIVE
forestry:zebrano_decorative_leaves,LEAVES_DECORATIVE
forestry:mahogany_decorative_leaves,LEAVES_DECORATIVE
forestry:acacia_vanilla_decorative_leaves,LEAVES_DECORATIVE
forestry:camelthorn_decorative_leaves,LEAVES_DECORATIVE
forestry:padauk_decorative_leaves,LEAVES_DECORATIVE
forestry:balsa_decorative_leaves,LEAVES_DECORATIVE
forestry:cocobolo_decorative_leaves,LEAVES_DECORATIVE
forestry:wenge_decorative_leaves,LEAVES_DECORATIVE
forestry:baobab_decorative_leaves,LEAVES_DECORATIVE
forestry:mahoe_decorative_leaves,LEAVES_DECORATIVE
forestry:willow_decorative_leaves,LEAVES_DECORATIVE
forestry:greenheart_decorative_leaves,LEAVES_DECORATIVE
forestry:papaya_decorative_leaves,LEAVES_DECORATIVE
forestry:date_decorative_leaves,LEAVES_DECORATIVE
forestry:poplar_decorative_leaves,LEAVES_DECORATIVE
forestry:elm_decorative_leaves,LEAVES_DECORATIVE
forestry:fir_decorative_leaves,LEAVES_DECORATIVE
forestry:coconut_decorative_leaves,LEAVES_DECORATIVE
forestry:beech_decorative_leaves,LEAVES_DECORATIVE
forestry:feijoa_decorative_leaves,LEAVES_DECORATIVE
forestry:dogwood_decorative_leaves,LEAVES_DECORATIVE
forestry:ginkgo_decorative_leaves,LEAVES_DECORATIVE
forestry:jacaranda_decorative_leaves,LEAVES_DECORATIVE
forestry:pewen_decorative_leaves,LEAVES_DECORATIVE
forestry:macrocarpa_decorative_leaves,LEAVES_DECORATIVE
forestry:olive_decorative_leaves,LEAVES_DECORATIVE
forestry:orange_decorative_leaves,LEAVES_DECORATIVE
forestry:pear_decorative_leaves,LEAVES_DECORATIVE
forestry:kauri_decorative_leaves,LEAVES_DECORATIVE
forestry:pods_cocoa,PODS
forestry:pods_dates,PODS
forestry:pods_papaya,PODS
forestry:pods_coconut,PODS
forestry:sapling_ge,SAPLING_GE
forestry:leaves,LEAVES
